,Order Date,Sub-Category,Discount,Sales,Quantity,Profit
0,2015-04-01,Binders,0.0,6.24,2,3.0576
1,2015-04-01,Binders,0.2,17.088,4,5.553599999999999
2,2015-04-01,Labels,0.0,29.6,2,14.8
3,2015-04-01,Storage,0.0,66.96,4,2.6783999999999963
4,2015-04-01,Paper,0.0,0.0,0,0.0
5,2015-04-01,Furnishings,0.0,0.0,0,0.0
6,2015-04-01,Phones,0.0,0.0,0,0.0
7,2015-04-01,Art,0.0,0.0,0,0.0
8,2015-04-01,Accessories,0.0,0.0,0,0.0
9,2015-04-01,Chairs,0.0,0.0,0,0.0
10,2015-04-01,Appliances,0.0,0.0,0,0.0
11,2015-04-01,Tables,0.0,0.0,0,0.0
12,2015-04-01,Envelopes,0.0,0.0,0,0.0
13,2015-04-01,Bookcases,0.0,0.0,0,0.0
14,2015-04-01,Fasteners,0.0,0.0,0,0.0
15,2015-04-01,Supplies,0.0,0.0,0,0.0
16,2015-04-01,Machines,0.0,0.0,0,0.0
17,2015-04-01,Copiers,0.0,0.0,0,0.0
18,2015-04-02,Appliances,0.0,154.9,5,40.274
19,2015-04-02,Furnishings,0.0,177.68,2,46.196799999999996
20,2015-04-02,Paper,0.0,15.84,3,7.128
21,2015-04-02,Paper,0.2,60.20800000000001,12,19.817
22,2015-04-02,Phones,0.0,1049.93,7,293.98040000000003
23,2015-04-02,Binders,0.0,0.0,0,0.0
24,2015-04-02,Storage,0.0,0.0,0,0.0
25,2015-04-02,Art,0.0,0.0,0,0.0
26,2015-04-02,Accessories,0.0,0.0,0,0.0
27,2015-04-02,Chairs,0.0,0.0,0,0.0
28,2015-04-02,Labels,0.0,0.0,0,0.0
29,2015-04-02,Tables,0.0,0.0,0,0.0
30,2015-04-02,Envelopes,0.0,0.0,0,0.0
31,2015-04-02,Bookcases,0.0,0.0,0,0.0
32,2015-04-02,Fasteners,0.0,0.0,0,0.0
33,2015-04-02,Supplies,0.0,0.0,0,0.0
34,2015-04-02,Machines,0.0,0.0,0,0.0
35,2015-04-02,Copiers,0.0,0.0,0,0.0
36,2015-04-03,Accessories,0.0,222.29,5,80.0244
37,2015-04-03,Envelopes,0.0,11.16,2,5.58
38,2015-04-03,Paper,0.0,0.0,0,0.0
39,2015-04-03,Binders,0.0,0.0,0,0.0
40,2015-04-03,Furnishings,0.0,0.0,0,0.0
41,2015-04-03,Phones,0.0,0.0,0,0.0
42,2015-04-03,Storage,0.0,0.0,0,0.0
43,2015-04-03,Art,0.0,0.0,0,0.0
44,2015-04-03,Chairs,0.0,0.0,0,0.0
45,2015-04-03,Appliances,0.0,0.0,0,0.0
46,2015-04-03,Labels,0.0,0.0,0,0.0
47,2015-04-03,Tables,0.0,0.0,0,0.0
48,2015-04-03,Bookcases,0.0,0.0,0,0.0
49,2015-04-03,Fasteners,0.0,0.0,0,0.0
50,2015-04-03,Supplies,0.0,0.0,0,0.0
51,2015-04-03,Machines,0.0,0.0,0,0.0
52,2015-04-03,Copiers,0.0,0.0,0,0.0
53,2015-04-04,Accessories,0.0,99.98,2,42.991400000000006
54,2015-04-04,Art,0.0,79.36,4,23.807999999999993
55,2015-04-04,Binders,0.2,7.184000000000001,2,2.244999999999999
56,2015-04-04,Furnishings,0.0,5.47,1,2.3521
57,2015-04-04,Labels,0.0,18.9,6,9.072
58,2015-04-04,Paper,0.0,32.400000000000006,5,15.681600000000001
59,2015-04-04,Storage,0.0,232.54999999999998,5,9.301999999999992
60,2015-04-04,Phones,0.0,0.0,0,0.0
61,2015-04-04,Chairs,0.0,0.0,0,0.0
62,2015-04-04,Appliances,0.0,0.0,0,0.0
63,2015-04-04,Tables,0.0,0.0,0,0.0
64,2015-04-04,Envelopes,0.0,0.0,0,0.0
65,2015-04-04,Bookcases,0.0,0.0,0,0.0
66,2015-04-04,Fasteners,0.0,0.0,0,0.0
67,2015-04-04,Supplies,0.0,0.0,0,0.0
68,2015-04-04,Machines,0.0,0.0,0,0.0
69,2015-04-04,Copiers,0.0,0.0,0,0.0
70,2015-04-05,Art,0.0,86.50999999999999,19,26.294899999999995
71,2015-04-05,Binders,0.0,155.56,12,74.6164
72,2015-04-05,Paper,0.0,68.44,3,32.9808
73,2015-04-05,Phones,0.0,28.99,1,8.407099999999996
74,2015-04-05,Storage,0.0,689.8199999999999,6,20.69460000000001
75,2015-04-05,Storage,0.2,101.72800000000001,8,7.6296000000000035
76,2015-04-05,Supplies,0.0,4164.049999999999,5,83.28100000000006
77,2015-04-05,Furnishings,0.0,0.0,0,0.0
78,2015-04-05,Accessories,0.0,0.0,0,0.0
79,2015-04-05,Chairs,0.0,0.0,0,0.0
80,2015-04-05,Appliances,0.0,0.0,0,0.0
81,2015-04-05,Labels,0.0,0.0,0,0.0
82,2015-04-05,Tables,0.0,0.0,0,0.0
83,2015-04-05,Envelopes,0.0,0.0,0,0.0
84,2015-04-05,Bookcases,0.0,0.0,0,0.0
85,2015-04-05,Fasteners,0.0,0.0,0,0.0
86,2015-04-05,Machines,0.0,0.0,0,0.0
87,2015-04-05,Copiers,0.0,0.0,0,0.0
88,2015-04-06,Accessories,0.0,333.86999999999995,5,134.0208
89,2015-04-06,Accessories,0.2,116.78399999999999,2,21.89699999999999
90,2015-04-06,Art,0.0,70.94999999999999,3,18.447000000000003
91,2015-04-06,Binders,0.2,65.568,2,23.768399999999996
92,2015-04-06,Binders,0.7,44.91000000000001,6,-35.928
93,2015-04-06,Furnishings,0.0,125.07,9,28.546099999999992
94,2015-04-06,Paper,0.0,74.92,4,35.9616
95,2015-04-06,Supplies,0.2,10.304000000000002,1,-2.1896000000000004
96,2015-04-06,Tables,0.0,653.55,3,111.10349999999994
97,2015-04-06,Tables,0.4,154.764,3,-36.11160000000001
98,2015-04-06,Phones,0.0,0.0,0,0.0
99,2015-04-06,Storage,0.0,0.0,0,0.0
100,2015-04-06,Chairs,0.0,0.0,0,0.0
101,2015-04-06,Appliances,0.0,0.0,0,0.0
102,2015-04-06,Labels,0.0,0.0,0,0.0
103,2015-04-06,Envelopes,0.0,0.0,0,0.0
104,2015-04-06,Bookcases,0.0,0.0,0,0.0
105,2015-04-06,Fasteners,0.0,0.0,0,0.0
106,2015-04-06,Machines,0.0,0.0,0,0.0
107,2015-04-06,Copiers,0.0,0.0,0,0.0
108,2015-04-07,Furnishings,0.0,8.96,2,2.7775999999999996
109,2015-04-07,Paper,0.0,181.29000000000002,12,88.2489
110,2015-04-07,Phones,0.0,830.9199999999998,8,214.02950000000004
111,2015-04-07,Binders,0.0,0.0,0,0.0
112,2015-04-07,Storage,0.0,0.0,0,0.0
113,2015-04-07,Art,0.0,0.0,0,0.0
114,2015-04-07,Accessories,0.0,0.0,0,0.0
115,2015-04-07,Chairs,0.0,0.0,0,0.0
116,2015-04-07,Appliances,0.0,0.0,0,0.0
117,2015-04-07,Labels,0.0,0.0,0,0.0
118,2015-04-07,Tables,0.0,0.0,0,0.0
119,2015-04-07,Envelopes,0.0,0.0,0,0.0
120,2015-04-07,Bookcases,0.0,0.0,0,0.0
121,2015-04-07,Fasteners,0.0,0.0,0,0.0
122,2015-04-07,Supplies,0.0,0.0,0,0.0
123,2015-04-07,Machines,0.0,0.0,0,0.0
124,2015-04-07,Copiers,0.0,0.0,0,0.0
125,2015-04-08,Accessories,0.0,399.96,4,139.986
126,2015-04-08,Fasteners,0.2,52.160000000000004,10,-10.996800000000002
127,2015-04-08,Paper,0.2,19.008000000000003,3,6.890399999999998
128,2015-04-08,Tables,0.0,1215.92,8,316.1392000000001
129,2015-04-08,Tables,0.2,99.592,1,2.489799999999999
130,2015-04-08,Tables,0.4,172.11,1,-94.66050000000001
131,2015-04-08,Binders,0.0,0.0,0,0.0
132,2015-04-08,Furnishings,0.0,0.0,0,0.0
133,2015-04-08,Phones,0.0,0.0,0,0.0
134,2015-04-08,Storage,0.0,0.0,0,0.0
135,2015-04-08,Art,0.0,0.0,0,0.0
136,2015-04-08,Chairs,0.0,0.0,0,0.0
137,2015-04-08,Appliances,0.0,0.0,0,0.0
138,2015-04-08,Labels,0.0,0.0,0,0.0
139,2015-04-08,Envelopes,0.0,0.0,0,0.0
140,2015-04-08,Bookcases,0.0,0.0,0,0.0
141,2015-04-08,Supplies,0.0,0.0,0,0.0
142,2015-04-08,Machines,0.0,0.0,0,0.0
143,2015-04-08,Copiers,0.0,0.0,0,0.0
144,2015-04-11,Accessories,0.0,217.44,6,91.32480000000001
145,2015-04-11,Accessories,0.2,719.9200000000001,10,123.5879
146,2015-04-11,Binders,0.2,9.584000000000001,1,3.3543999999999996
147,2015-04-11,Fasteners,0.2,6.911999999999999,3,2.3327999999999998
148,2015-04-11,Paper,0.2,10.368000000000002,2,3.6288
149,2015-04-11,Phones,0.2,863.9360000000001,8,274.6618
150,2015-04-11,Storage,0.0,87.08,7,24.3824
151,2015-04-11,Furnishings,0.0,0.0,0,0.0
152,2015-04-11,Art,0.0,0.0,0,0.0
153,2015-04-11,Chairs,0.0,0.0,0,0.0
154,2015-04-11,Appliances,0.0,0.0,0,0.0
155,2015-04-11,Labels,0.0,0.0,0,0.0
156,2015-04-11,Tables,0.0,0.0,0,0.0
157,2015-04-11,Envelopes,0.0,0.0,0,0.0
158,2015-04-11,Bookcases,0.0,0.0,0,0.0
159,2015-04-11,Supplies,0.0,0.0,0,0.0
160,2015-04-11,Machines,0.0,0.0,0,0.0
161,2015-04-11,Copiers,0.0,0.0,0,0.0
162,2015-04-12,Art,0.0,39.68,2,16.268800000000002
163,2015-04-12,Binders,0.2,18.088,7,6.556900000000001
164,2015-04-12,Bookcases,0.15,308.499,3,-18.147
165,2015-04-12,Paper,0.0,32.400000000000006,5,15.552000000000001
166,2015-04-12,Phones,0.2,1513.4560000000001,18,132.42739999999995
167,2015-04-12,Furnishings,0.0,0.0,0,0.0
168,2015-04-12,Storage,0.0,0.0,0,0.0
169,2015-04-12,Accessories,0.0,0.0,0,0.0
170,2015-04-12,Chairs,0.0,0.0,0,0.0
171,2015-04-12,Appliances,0.0,0.0,0,0.0
172,2015-04-12,Labels,0.0,0.0,0,0.0
173,2015-04-12,Tables,0.0,0.0,0,0.0
174,2015-04-12,Envelopes,0.0,0.0,0,0.0
175,2015-04-12,Fasteners,0.0,0.0,0,0.0
176,2015-04-12,Supplies,0.0,0.0,0,0.0
177,2015-04-12,Machines,0.0,0.0,0,0.0
178,2015-04-12,Copiers,0.0,0.0,0,0.0
179,2015-04-13,Art,0.2,17.856,4,1.1159999999999979
180,2015-04-13,Binders,0.7,509.9700000000001,10,-407.9759999999999
181,2015-04-13,Fasteners,0.2,30.991999999999997,13,10.072399999999996
182,2015-04-13,Labels,0.0,7.83,3,3.6018
183,2015-04-13,Phones,0.4,71.928,12,8.39159999999999
184,2015-04-13,Paper,0.0,0.0,0,0.0
185,2015-04-13,Furnishings,0.0,0.0,0,0.0
186,2015-04-13,Storage,0.0,0.0,0,0.0
187,2015-04-13,Accessories,0.0,0.0,0,0.0
188,2015-04-13,Chairs,0.0,0.0,0,0.0
189,2015-04-13,Appliances,0.0,0.0,0,0.0
190,2015-04-13,Tables,0.0,0.0,0,0.0
191,2015-04-13,Envelopes,0.0,0.0,0,0.0
192,2015-04-13,Bookcases,0.0,0.0,0,0.0
193,2015-04-13,Supplies,0.0,0.0,0,0.0
194,2015-04-13,Machines,0.0,0.0,0,0.0
195,2015-04-13,Copiers,0.0,0.0,0,0.0
196,2015-04-15,Appliances,0.0,106.96,2,31.018399999999986
197,2015-04-15,Furnishings,0.0,187.76,4,76.9816
198,2015-04-15,Paper,0.0,0.0,0,0.0
199,2015-04-15,Binders,0.0,0.0,0,0.0
200,2015-04-15,Phones,0.0,0.0,0,0.0
201,2015-04-15,Storage,0.0,0.0,0,0.0
202,2015-04-15,Art,0.0,0.0,0,0.0
203,2015-04-15,Accessories,0.0,0.0,0,0.0
204,2015-04-15,Chairs,0.0,0.0,0,0.0
205,2015-04-15,Labels,0.0,0.0,0,0.0
206,2015-04-15,Tables,0.0,0.0,0,0.0
207,2015-04-15,Envelopes,0.0,0.0,0,0.0
208,2015-04-15,Bookcases,0.0,0.0,0,0.0
209,2015-04-15,Fasteners,0.0,0.0,0,0.0
210,2015-04-15,Supplies,0.0,0.0,0,0.0
211,2015-04-15,Machines,0.0,0.0,0,0.0
212,2015-04-15,Copiers,0.0,0.0,0,0.0
213,2015-04-16,Art,0.2,39.072,6,9.768
214,2015-04-16,Paper,0.0,0.0,0,0.0
215,2015-04-16,Binders,0.0,0.0,0,0.0
216,2015-04-16,Furnishings,0.0,0.0,0,0.0
217,2015-04-16,Phones,0.0,0.0,0,0.0
218,2015-04-16,Storage,0.0,0.0,0,0.0
219,2015-04-16,Accessories,0.0,0.0,0,0.0
220,2015-04-16,Chairs,0.0,0.0,0,0.0
221,2015-04-16,Appliances,0.0,0.0,0,0.0
222,2015-04-16,Labels,0.0,0.0,0,0.0
223,2015-04-16,Tables,0.0,0.0,0,0.0
224,2015-04-16,Envelopes,0.0,0.0,0,0.0
225,2015-04-16,Bookcases,0.0,0.0,0,0.0
226,2015-04-16,Fasteners,0.0,0.0,0,0.0
227,2015-04-16,Supplies,0.0,0.0,0,0.0
228,2015-04-16,Machines,0.0,0.0,0,0.0
229,2015-04-16,Copiers,0.0,0.0,0,0.0
230,2015-04-18,Accessories,0.2,227.976,3,28.496999999999957
231,2015-04-18,Art,0.0,23.869999999999997,9,7.352299999999998
232,2015-04-18,Art,0.2,2.688,2,1.008
233,2015-04-18,Chairs,0.3,317.058,3,-18.117599999999996
234,2015-04-18,Envelopes,0.2,149.352,3,50.40629999999998
235,2015-04-18,Fasteners,0.0,11.62,2,3.6022
236,2015-04-18,Machines,0.2,287.968,4,97.18919999999999
237,2015-04-18,Paper,0.0,0.0,0,0.0
238,2015-04-18,Binders,0.0,0.0,0,0.0
239,2015-04-18,Furnishings,0.0,0.0,0,0.0
240,2015-04-18,Phones,0.0,0.0,0,0.0
241,2015-04-18,Storage,0.0,0.0,0,0.0
242,2015-04-18,Appliances,0.0,0.0,0,0.0
243,2015-04-18,Labels,0.0,0.0,0,0.0
244,2015-04-18,Tables,0.0,0.0,0,0.0
245,2015-04-18,Bookcases,0.0,0.0,0,0.0
246,2015-04-18,Supplies,0.0,0.0,0,0.0
247,2015-04-18,Copiers,0.0,0.0,0,0.0
248,2015-04-19,Binders,0.0,58.050000000000004,3,26.703
249,2015-04-19,Furnishings,0.0,76.14,3,26.648999999999997
250,2015-04-19,Paper,0.0,71.28,11,34.214400000000005
251,2015-04-19,Phones,0.0,0.0,0,0.0
252,2015-04-19,Storage,0.0,0.0,0,0.0
253,2015-04-19,Art,0.0,0.0,0,0.0
254,2015-04-19,Accessories,0.0,0.0,0,0.0
255,2015-04-19,Chairs,0.0,0.0,0,0.0
256,2015-04-19,Appliances,0.0,0.0,0,0.0
257,2015-04-19,Labels,0.0,0.0,0,0.0
258,2015-04-19,Tables,0.0,0.0,0,0.0
259,2015-04-19,Envelopes,0.0,0.0,0,0.0
260,2015-04-19,Bookcases,0.0,0.0,0,0.0
261,2015-04-19,Fasteners,0.0,0.0,0,0.0
262,2015-04-19,Supplies,0.0,0.0,0,0.0
263,2015-04-19,Machines,0.0,0.0,0,0.0
264,2015-04-19,Copiers,0.0,0.0,0,0.0
265,2015-04-20,Furnishings,0.0,59.92,4,27.563200000000002
266,2015-04-20,Storage,0.2,44.84000000000001,5,5.604999999999995
267,2015-04-20,Tables,0.3,1145.69,7,-227.62100000000007
268,2015-04-20,Paper,0.0,0.0,0,0.0
269,2015-04-20,Binders,0.0,0.0,0,0.0
270,2015-04-20,Phones,0.0,0.0,0,0.0
271,2015-04-20,Art,0.0,0.0,0,0.0
272,2015-04-20,Accessories,0.0,0.0,0,0.0
273,2015-04-20,Chairs,0.0,0.0,0,0.0
274,2015-04-20,Appliances,0.0,0.0,0,0.0
275,2015-04-20,Labels,0.0,0.0,0,0.0
276,2015-04-20,Envelopes,0.0,0.0,0,0.0
277,2015-04-20,Bookcases,0.0,0.0,0,0.0
278,2015-04-20,Fasteners,0.0,0.0,0,0.0
279,2015-04-20,Supplies,0.0,0.0,0,0.0
280,2015-04-20,Machines,0.0,0.0,0,0.0
281,2015-04-20,Copiers,0.0,0.0,0,0.0
282,2015-04-21,Binders,0.2,16.520000000000003,5,5.5755
283,2015-04-21,Storage,0.0,828.8399999999999,6,0.0
284,2015-04-21,Paper,0.0,0.0,0,0.0
285,2015-04-21,Furnishings,0.0,0.0,0,0.0
286,2015-04-21,Phones,0.0,0.0,0,0.0
287,2015-04-21,Art,0.0,0.0,0,0.0
288,2015-04-21,Accessories,0.0,0.0,0,0.0
289,2015-04-21,Chairs,0.0,0.0,0,0.0
290,2015-04-21,Appliances,0.0,0.0,0,0.0
291,2015-04-21,Labels,0.0,0.0,0,0.0
292,2015-04-21,Tables,0.0,0.0,0,0.0
293,2015-04-21,Envelopes,0.0,0.0,0,0.0
294,2015-04-21,Bookcases,0.0,0.0,0,0.0
295,2015-04-21,Fasteners,0.0,0.0,0,0.0
296,2015-04-21,Supplies,0.0,0.0,0,0.0
297,2015-04-21,Machines,0.0,0.0,0,0.0
298,2015-04-21,Copiers,0.0,0.0,0,0.0
299,2015-04-22,Binders,0.2,9.912,3,3.3452999999999995
300,2015-04-22,Envelopes,0.0,247.84,8,121.4416
301,2015-04-22,Paper,0.0,0.0,0,0.0
302,2015-04-22,Furnishings,0.0,0.0,0,0.0
303,2015-04-22,Phones,0.0,0.0,0,0.0
304,2015-04-22,Storage,0.0,0.0,0,0.0
305,2015-04-22,Art,0.0,0.0,0,0.0
306,2015-04-22,Accessories,0.0,0.0,0,0.0
307,2015-04-22,Chairs,0.0,0.0,0,0.0
308,2015-04-22,Appliances,0.0,0.0,0,0.0
309,2015-04-22,Labels,0.0,0.0,0,0.0
310,2015-04-22,Tables,0.0,0.0,0,0.0
311,2015-04-22,Bookcases,0.0,0.0,0,0.0
312,2015-04-22,Fasteners,0.0,0.0,0,0.0
313,2015-04-22,Supplies,0.0,0.0,0,0.0
314,2015-04-22,Machines,0.0,0.0,0,0.0
315,2015-04-22,Copiers,0.0,0.0,0,0.0
316,2015-04-23,Binders,0.7,9.990000000000002,11,-6.992999999999998
317,2015-04-23,Chairs,0.3,562.7439999999999,4,-24.11759999999998
318,2015-04-23,Furnishings,0.2,22.336000000000002,4,7.8176
319,2015-04-23,Paper,0.0,48.91,1,22.987699999999997
320,2015-04-23,Phones,0.0,0.0,0,0.0
321,2015-04-23,Storage,0.0,0.0,0,0.0
322,2015-04-23,Art,0.0,0.0,0,0.0
323,2015-04-23,Accessories,0.0,0.0,0,0.0
324,2015-04-23,Appliances,0.0,0.0,0,0.0
325,2015-04-23,Labels,0.0,0.0,0,0.0
326,2015-04-23,Tables,0.0,0.0,0,0.0
327,2015-04-23,Envelopes,0.0,0.0,0,0.0
328,2015-04-23,Bookcases,0.0,0.0,0,0.0
329,2015-04-23,Fasteners,0.0,0.0,0,0.0
330,2015-04-23,Supplies,0.0,0.0,0,0.0
331,2015-04-23,Machines,0.0,0.0,0,0.0
332,2015-04-23,Copiers,0.0,0.0,0,0.0
333,2015-04-25,Appliances,0.0,270.71999999999997,3,78.50879999999997
334,2015-04-25,Art,0.2,6.24,3,0.5460000000000007
335,2015-04-25,Chairs,0.2,1487.04,5,148.70400000000006
336,2015-04-25,Furnishings,0.0,303.25,5,63.6825
337,2015-04-25,Paper,0.2,10.368000000000002,2,3.6288
338,2015-04-25,Phones,0.2,302.376,3,37.797
339,2015-04-25,Binders,0.0,0.0,0,0.0
340,2015-04-25,Storage,0.0,0.0,0,0.0
341,2015-04-25,Accessories,0.0,0.0,0,0.0
342,2015-04-25,Labels,0.0,0.0,0,0.0
343,2015-04-25,Tables,0.0,0.0,0,0.0
344,2015-04-25,Envelopes,0.0,0.0,0,0.0
345,2015-04-25,Bookcases,0.0,0.0,0,0.0
346,2015-04-25,Fasteners,0.0,0.0,0,0.0
347,2015-04-25,Supplies,0.0,0.0,0,0.0
348,2015-04-25,Machines,0.0,0.0,0,0.0
349,2015-04-25,Copiers,0.0,0.0,0,0.0
350,2015-04-26,Art,0.0,21.400000000000002,5,6.205999999999998
351,2015-04-26,Binders,0.2,18.288,6,5.714999999999999
352,2015-04-26,Chairs,0.2,230.28000000000003,3,23.02799999999999
353,2015-04-26,Labels,0.0,12.6,2,5.795999999999999
354,2015-04-26,Paper,0.0,0.0,0,0.0
355,2015-04-26,Furnishings,0.0,0.0,0,0.0
356,2015-04-26,Phones,0.0,0.0,0,0.0
357,2015-04-26,Storage,0.0,0.0,0,0.0
358,2015-04-26,Accessories,0.0,0.0,0,0.0
359,2015-04-26,Appliances,0.0,0.0,0,0.0
360,2015-04-26,Tables,0.0,0.0,0,0.0
361,2015-04-26,Envelopes,0.0,0.0,0,0.0
362,2015-04-26,Bookcases,0.0,0.0,0,0.0
363,2015-04-26,Fasteners,0.0,0.0,0,0.0
364,2015-04-26,Supplies,0.0,0.0,0,0.0
365,2015-04-26,Machines,0.0,0.0,0,0.0
366,2015-04-26,Copiers,0.0,0.0,0,0.0
367,2015-04-28,Accessories,0.0,159.98,2,57.5928
368,2015-04-28,Art,0.0,5.34,2,1.4952
369,2015-04-28,Binders,0.0,20.86,2,9.386999999999999
370,2015-04-28,Labels,0.0,3.15,1,1.512
371,2015-04-28,Labels,0.2,6.911999999999999,3,2.5056000000000003
372,2015-04-28,Phones,0.2,1679.96,5,125.99700000000007
373,2015-04-28,Storage,0.0,497.61,9,129.3786
374,2015-04-28,Storage,0.2,204.66400000000002,5,-35.70099999999999
375,2015-04-28,Paper,0.0,0.0,0,0.0
376,2015-04-28,Furnishings,0.0,0.0,0,0.0
377,2015-04-28,Chairs,0.0,0.0,0,0.0
378,2015-04-28,Appliances,0.0,0.0,0,0.0
379,2015-04-28,Tables,0.0,0.0,0,0.0
380,2015-04-28,Envelopes,0.0,0.0,0,0.0
381,2015-04-28,Bookcases,0.0,0.0,0,0.0
382,2015-04-28,Fasteners,0.0,0.0,0,0.0
383,2015-04-28,Supplies,0.0,0.0,0,0.0
384,2015-04-28,Machines,0.0,0.0,0,0.0
385,2015-04-28,Copiers,0.0,0.0,0,0.0
386,2015-04-29,Binders,0.0,17.94,3,8.6112
387,2015-04-29,Chairs,0.0,51.96,2,12.990000000000002
388,2015-04-29,Chairs,0.2,561.5840000000001,2,70.19799999999992
389,2015-04-29,Furnishings,0.0,17.46,2,5.936399999999999
390,2015-04-29,Phones,0.0,19.98,2,5.194800000000001
391,2015-04-29,Storage,0.2,99.92000000000002,5,-1.249000000000013
392,2015-04-29,Paper,0.0,0.0,0,0.0
393,2015-04-29,Art,0.0,0.0,0,0.0
394,2015-04-29,Accessories,0.0,0.0,0,0.0
395,2015-04-29,Appliances,0.0,0.0,0,0.0
396,2015-04-29,Labels,0.0,0.0,0,0.0
397,2015-04-29,Tables,0.0,0.0,0,0.0
398,2015-04-29,Envelopes,0.0,0.0,0,0.0
399,2015-04-29,Bookcases,0.0,0.0,0,0.0
400,2015-04-29,Fasteners,0.0,0.0,0,0.0
401,2015-04-29,Supplies,0.0,0.0,0,0.0
402,2015-04-29,Machines,0.0,0.0,0,0.0
403,2015-04-29,Copiers,0.0,0.0,0,0.0
404,2015-04-30,Accessories,0.0,47.79,3,16.2486
405,2015-04-30,Art,0.0,174.95000000000002,5,45.487
406,2015-04-30,Storage,0.0,826.0,5,214.76
407,2015-04-30,Paper,0.0,0.0,0,0.0
408,2015-04-30,Binders,0.0,0.0,0,0.0
409,2015-04-30,Furnishings,0.0,0.0,0,0.0
410,2015-04-30,Phones,0.0,0.0,0,0.0
411,2015-04-30,Chairs,0.0,0.0,0,0.0
412,2015-04-30,Appliances,0.0,0.0,0,0.0
413,2015-04-30,Labels,0.0,0.0,0,0.0
414,2015-04-30,Tables,0.0,0.0,0,0.0
415,2015-04-30,Envelopes,0.0,0.0,0,0.0
416,2015-04-30,Bookcases,0.0,0.0,0,0.0
417,2015-04-30,Fasteners,0.0,0.0,0,0.0
418,2015-04-30,Supplies,0.0,0.0,0,0.0
419,2015-04-30,Machines,0.0,0.0,0,0.0
420,2015-04-30,Copiers,0.0,0.0,0,0.0
421,2016-04-02,Accessories,0.2,98.096,10,1.172599999999992
422,2016-04-02,Appliances,0.8,32.19199999999999,2,-80.48
423,2016-04-02,Binders,0.8,9.155999999999997,3,-13.734000000000002
424,2016-04-02,Machines,0.2,71.976,3,24.2919
425,2016-04-02,Phones,0.2,87.8,5,32.925
426,2016-04-02,Paper,0.0,0.0,0,0.0
427,2016-04-02,Furnishings,0.0,0.0,0,0.0
428,2016-04-02,Storage,0.0,0.0,0,0.0
429,2016-04-02,Art,0.0,0.0,0,0.0
430,2016-04-02,Chairs,0.0,0.0,0,0.0
431,2016-04-02,Labels,0.0,0.0,0,0.0
432,2016-04-02,Tables,0.0,0.0,0,0.0
433,2016-04-02,Envelopes,0.0,0.0,0,0.0
434,2016-04-02,Bookcases,0.0,0.0,0,0.0
435,2016-04-02,Fasteners,0.0,0.0,0,0.0
436,2016-04-02,Supplies,0.0,0.0,0,0.0
437,2016-04-02,Copiers,0.0,0.0,0,0.0
438,2016-04-04,Appliances,0.1,644.076,2,107.34599999999996
439,2016-04-04,Art,0.0,11.16,2,4.3524
440,2016-04-04,Binders,0.0,12.76,2,5.869599999999999
441,2016-04-04,Binders,0.2,91.432,7,31.085500000000003
442,2016-04-04,Copiers,0.0,599.98,2,209.993
443,2016-04-04,Fasteners,0.0,5.84,2,2.6279999999999997
444,2016-04-04,Furnishings,0.0,108.4,2,22.763999999999996
445,2016-04-04,Phones,0.0,10.95,1,0.43799999999999883
446,2016-04-04,Paper,0.0,0.0,0,0.0
447,2016-04-04,Storage,0.0,0.0,0,0.0
448,2016-04-04,Accessories,0.0,0.0,0,0.0
449,2016-04-04,Chairs,0.0,0.0,0,0.0
450,2016-04-04,Labels,0.0,0.0,0,0.0
451,2016-04-04,Tables,0.0,0.0,0,0.0
452,2016-04-04,Envelopes,0.0,0.0,0,0.0
453,2016-04-04,Bookcases,0.0,0.0,0,0.0
454,2016-04-04,Supplies,0.0,0.0,0,0.0
455,2016-04-04,Machines,0.0,0.0,0,0.0
456,2016-04-05,Accessories,0.0,239.94,6,26.393399999999986
457,2016-04-05,Appliances,0.2,98.112,7,18.396
458,2016-04-05,Art,0.0,23.84,8,6.436800000000002
459,2016-04-05,Binders,0.7,168.22200000000004,5,-122.6676
460,2016-04-05,Bookcases,0.5,352.45,5,-211.47
461,2016-04-05,Chairs,0.2,892.224,3,89.22240000000002
462,2016-04-05,Furnishings,0.2,554.7199999999999,5,-66.02200000000005
463,2016-04-05,Labels,0.2,23.904000000000003,6,7.768799999999999
464,2016-04-05,Phones,0.4,56.838,7,-13.014700000000005
465,2016-04-05,Storage,0.2,563.808,4,21.142799999999966
466,2016-04-05,Paper,0.0,0.0,0,0.0
467,2016-04-05,Tables,0.0,0.0,0,0.0
468,2016-04-05,Envelopes,0.0,0.0,0,0.0
469,2016-04-05,Fasteners,0.0,0.0,0,0.0
470,2016-04-05,Supplies,0.0,0.0,0,0.0
471,2016-04-05,Machines,0.0,0.0,0,0.0
472,2016-04-05,Copiers,0.0,0.0,0,0.0
473,2016-04-06,Accessories,0.2,25.488,2,4.4604
474,2016-04-06,Art,0.2,42.047999999999995,9,5.2559999999999985
475,2016-04-06,Binders,0.8,16.547999999999995,9,-28.959000000000003
476,2016-04-06,Paper,0.2,55.92000000000001,5,19.0722
477,2016-04-06,Furnishings,0.0,0.0,0,0.0
478,2016-04-06,Phones,0.0,0.0,0,0.0
479,2016-04-06,Storage,0.0,0.0,0,0.0
480,2016-04-06,Chairs,0.0,0.0,0,0.0
481,2016-04-06,Appliances,0.0,0.0,0,0.0
482,2016-04-06,Labels,0.0,0.0,0,0.0
483,2016-04-06,Tables,0.0,0.0,0,0.0
484,2016-04-06,Envelopes,0.0,0.0,0,0.0
485,2016-04-06,Bookcases,0.0,0.0,0,0.0
486,2016-04-06,Fasteners,0.0,0.0,0,0.0
487,2016-04-06,Supplies,0.0,0.0,0,0.0
488,2016-04-06,Machines,0.0,0.0,0,0.0
489,2016-04-06,Copiers,0.0,0.0,0,0.0
490,2016-04-07,Accessories,0.2,383.952,6,47.99399999999997
491,2016-04-07,Appliances,0.8,463.2479999999999,8,-1181.2824000000003
492,2016-04-07,Art,0.2,11.736,3,1.0269
493,2016-04-07,Paper,0.0,25.92,4,12.441600000000001
494,2016-04-07,Storage,0.0,22.58,2,5.870799999999999
495,2016-04-07,Binders,0.0,0.0,0,0.0
496,2016-04-07,Furnishings,0.0,0.0,0,0.0
497,2016-04-07,Phones,0.0,0.0,0,0.0
498,2016-04-07,Chairs,0.0,0.0,0,0.0
499,2016-04-07,Labels,0.0,0.0,0,0.0
500,2016-04-07,Tables,0.0,0.0,0,0.0
501,2016-04-07,Envelopes,0.0,0.0,0,0.0
502,2016-04-07,Bookcases,0.0,0.0,0,0.0
503,2016-04-07,Fasteners,0.0,0.0,0,0.0
504,2016-04-07,Supplies,0.0,0.0,0,0.0
505,2016-04-07,Machines,0.0,0.0,0,0.0
506,2016-04-07,Copiers,0.0,0.0,0,0.0
507,2016-04-09,Appliances,0.0,370.14,3,144.3546
508,2016-04-09,Storage,0.0,17.94,3,3.0497999999999985
509,2016-04-09,Tables,0.2,369.91200000000003,3,-13.871700000000047
510,2016-04-09,Paper,0.0,0.0,0,0.0
511,2016-04-09,Binders,0.0,0.0,0,0.0
512,2016-04-09,Furnishings,0.0,0.0,0,0.0
513,2016-04-09,Phones,0.0,0.0,0,0.0
514,2016-04-09,Art,0.0,0.0,0,0.0
515,2016-04-09,Accessories,0.0,0.0,0,0.0
516,2016-04-09,Chairs,0.0,0.0,0,0.0
517,2016-04-09,Labels,0.0,0.0,0,0.0
518,2016-04-09,Envelopes,0.0,0.0,0,0.0
519,2016-04-09,Bookcases,0.0,0.0,0,0.0
520,2016-04-09,Fasteners,0.0,0.0,0,0.0
521,2016-04-09,Supplies,0.0,0.0,0,0.0
522,2016-04-09,Machines,0.0,0.0,0,0.0
523,2016-04-09,Copiers,0.0,0.0,0,0.0
524,2016-04-10,Art,0.0,14.669999999999998,3,6.0147
525,2016-04-10,Binders,0.2,12.832,2,4.330799999999998
526,2016-04-10,Storage,0.0,142.04,4,38.35080000000001
527,2016-04-10,Paper,0.0,0.0,0,0.0
528,2016-04-10,Furnishings,0.0,0.0,0,0.0
529,2016-04-10,Phones,0.0,0.0,0,0.0
530,2016-04-10,Accessories,0.0,0.0,0,0.0
531,2016-04-10,Chairs,0.0,0.0,0,0.0
532,2016-04-10,Appliances,0.0,0.0,0,0.0
533,2016-04-10,Labels,0.0,0.0,0,0.0
534,2016-04-10,Tables,0.0,0.0,0,0.0
535,2016-04-10,Envelopes,0.0,0.0,0,0.0
536,2016-04-10,Bookcases,0.0,0.0,0,0.0
537,2016-04-10,Fasteners,0.0,0.0,0,0.0
538,2016-04-10,Supplies,0.0,0.0,0,0.0
539,2016-04-10,Machines,0.0,0.0,0,0.0
540,2016-04-10,Copiers,0.0,0.0,0,0.0
541,2016-04-11,Accessories,0.0,85.14,3,34.907399999999996
542,2016-04-11,Appliances,0.0,406.59999999999997,5,113.84799999999998
543,2016-04-11,Copiers,0.2,639.9680000000001,4,215.98919999999998
544,2016-04-11,Furnishings,0.2,121.88799999999999,5,24.4176
545,2016-04-11,Paper,0.0,52.76,2,24.269599999999997
546,2016-04-11,Phones,0.0,21.99,1,10.5552
547,2016-04-11,Binders,0.0,0.0,0,0.0
548,2016-04-11,Storage,0.0,0.0,0,0.0
549,2016-04-11,Art,0.0,0.0,0,0.0
550,2016-04-11,Chairs,0.0,0.0,0,0.0
551,2016-04-11,Labels,0.0,0.0,0,0.0
552,2016-04-11,Tables,0.0,0.0,0,0.0
553,2016-04-11,Envelopes,0.0,0.0,0,0.0
554,2016-04-11,Bookcases,0.0,0.0,0,0.0
555,2016-04-11,Fasteners,0.0,0.0,0,0.0
556,2016-04-11,Supplies,0.0,0.0,0,0.0
557,2016-04-11,Machines,0.0,0.0,0,0.0
558,2016-04-12,Storage,0.0,40.74,3,0.4073999999999991
559,2016-04-12,Paper,0.0,0.0,0,0.0
560,2016-04-12,Binders,0.0,0.0,0,0.0
561,2016-04-12,Furnishings,0.0,0.0,0,0.0
562,2016-04-12,Phones,0.0,0.0,0,0.0
563,2016-04-12,Art,0.0,0.0,0,0.0
564,2016-04-12,Accessories,0.0,0.0,0,0.0
565,2016-04-12,Chairs,0.0,0.0,0,0.0
566,2016-04-12,Appliances,0.0,0.0,0,0.0
567,2016-04-12,Labels,0.0,0.0,0,0.0
568,2016-04-12,Tables,0.0,0.0,0,0.0
569,2016-04-12,Envelopes,0.0,0.0,0,0.0
570,2016-04-12,Bookcases,0.0,0.0,0,0.0
571,2016-04-12,Fasteners,0.0,0.0,0,0.0
572,2016-04-12,Supplies,0.0,0.0,0,0.0
573,2016-04-12,Machines,0.0,0.0,0,0.0
574,2016-04-12,Copiers,0.0,0.0,0,0.0
575,2016-04-13,Accessories,0.0,199.96,4,69.98599999999999
576,2016-04-13,Appliances,0.0,75.84,2,29.577600000000004
577,2016-04-13,Binders,0.0,17.43,3,8.0178
578,2016-04-13,Furnishings,0.0,37.68,2,15.825600000000001
579,2016-04-13,Paper,0.2,85.92000000000002,9,28.7016
580,2016-04-13,Phones,0.2,978.4720000000001,7,79.38440000000001
581,2016-04-13,Storage,0.2,10.744,1,0.8057999999999996
582,2016-04-13,Supplies,0.0,12.88,1,0.3864000000000001
583,2016-04-13,Tables,0.2,952.4000000000001,5,-112.8374
584,2016-04-13,Tables,0.3,821.3519999999999,6,-158.57600000000005
585,2016-04-13,Art,0.0,0.0,0,0.0
586,2016-04-13,Chairs,0.0,0.0,0,0.0
587,2016-04-13,Labels,0.0,0.0,0,0.0
588,2016-04-13,Envelopes,0.0,0.0,0,0.0
589,2016-04-13,Bookcases,0.0,0.0,0,0.0
590,2016-04-13,Fasteners,0.0,0.0,0,0.0
591,2016-04-13,Machines,0.0,0.0,0,0.0
592,2016-04-13,Copiers,0.0,0.0,0,0.0
593,2016-04-14,Appliances,0.2,35.208,1,2.640599999999999
594,2016-04-14,Paper,0.0,0.0,0,0.0
595,2016-04-14,Binders,0.0,0.0,0,0.0
596,2016-04-14,Furnishings,0.0,0.0,0,0.0
597,2016-04-14,Phones,0.0,0.0,0,0.0
598,2016-04-14,Storage,0.0,0.0,0,0.0
599,2016-04-14,Art,0.0,0.0,0,0.0
600,2016-04-14,Accessories,0.0,0.0,0,0.0
601,2016-04-14,Chairs,0.0,0.0,0,0.0
602,2016-04-14,Labels,0.0,0.0,0,0.0
603,2016-04-14,Tables,0.0,0.0,0,0.0
604,2016-04-14,Envelopes,0.0,0.0,0,0.0
605,2016-04-14,Bookcases,0.0,0.0,0,0.0
606,2016-04-14,Fasteners,0.0,0.0,0,0.0
607,2016-04-14,Supplies,0.0,0.0,0,0.0
608,2016-04-14,Machines,0.0,0.0,0,0.0
609,2016-04-14,Copiers,0.0,0.0,0,0.0
610,2016-04-16,Accessories,0.2,43.56,3,-4.900499999999997
611,2016-04-16,Appliances,0.2,45.216,3,4.521599999999999
612,2016-04-16,Art,0.2,7.872,3,1.2791999999999994
613,2016-04-16,Binders,0.0,9.14,1,4.57
614,2016-04-16,Binders,0.7,55.470000000000006,5,-46.224999999999994
615,2016-04-16,Bookcases,0.0,523.26,9,125.5824
616,2016-04-16,Chairs,0.1,127.76400000000001,2,2.8392000000000017
617,2016-04-16,Copiers,0.2,1439.968,4,485.9891999999999
618,2016-04-16,Fasteners,0.2,24.440000000000005,12,2.109099999999999
619,2016-04-16,Furnishings,0.0,1196.86,7,119.6859999999999
620,2016-04-16,Phones,0.0,569.64,2,148.1064
621,2016-04-16,Phones,0.4,118.78199999999998,3,-27.715799999999994
622,2016-04-16,Paper,0.0,0.0,0,0.0
623,2016-04-16,Storage,0.0,0.0,0,0.0
624,2016-04-16,Labels,0.0,0.0,0,0.0
625,2016-04-16,Tables,0.0,0.0,0,0.0
626,2016-04-16,Envelopes,0.0,0.0,0,0.0
627,2016-04-16,Supplies,0.0,0.0,0,0.0
628,2016-04-16,Machines,0.0,0.0,0,0.0
629,2016-04-17,Accessories,0.0,422.97,4,166.20000000000002
630,2016-04-17,Appliances,0.0,1447.6499999999999,5,419.8184999999998
631,2016-04-17,Art,0.0,16.27,5,5.0085999999999995
632,2016-04-17,Binders,0.2,62.29600000000001,13,21.0249
633,2016-04-17,Paper,0.0,11.96,2,5.8604
634,2016-04-17,Phones,0.2,783.9600000000002,5,68.59650000000002
635,2016-04-17,Furnishings,0.0,0.0,0,0.0
636,2016-04-17,Storage,0.0,0.0,0,0.0
637,2016-04-17,Chairs,0.0,0.0,0,0.0
638,2016-04-17,Labels,0.0,0.0,0,0.0
639,2016-04-17,Tables,0.0,0.0,0,0.0
640,2016-04-17,Envelopes,0.0,0.0,0,0.0
641,2016-04-17,Bookcases,0.0,0.0,0,0.0
642,2016-04-17,Fasteners,0.0,0.0,0,0.0
643,2016-04-17,Supplies,0.0,0.0,0,0.0
644,2016-04-17,Machines,0.0,0.0,0,0.0
645,2016-04-17,Copiers,0.0,0.0,0,0.0
646,2016-04-18,Accessories,0.0,106.5,6,41.535
647,2016-04-18,Accessories,0.2,41.42400000000001,2,8.284799999999997
648,2016-04-18,Art,0.2,82.224,6,7.3913999999999955
649,2016-04-18,Binders,0.0,38.22,6,17.9634
650,2016-04-18,Binders,0.8,5.7879999999999985,3,-9.187000000000001
651,2016-04-18,Chairs,0.0,89.99,1,17.098099999999988
652,2016-04-18,Chairs,0.3,56.686,1,-20.245000000000008
653,2016-04-18,Furnishings,0.0,6.16,2,2.9568
654,2016-04-18,Labels,0.0,97.10999999999999,9,45.64169999999999
655,2016-04-18,Paper,0.0,61.96,2,27.881999999999998
656,2016-04-18,Paper,0.2,15.552000000000003,3,5.4432
657,2016-04-18,Phones,0.2,342.736,6,30.5998
658,2016-04-18,Storage,0.0,1062.6100000000001,10,39.48610000000008
659,2016-04-18,Appliances,0.0,0.0,0,0.0
660,2016-04-18,Tables,0.0,0.0,0,0.0
661,2016-04-18,Envelopes,0.0,0.0,0,0.0
662,2016-04-18,Bookcases,0.0,0.0,0,0.0
663,2016-04-18,Fasteners,0.0,0.0,0,0.0
664,2016-04-18,Supplies,0.0,0.0,0,0.0
665,2016-04-18,Machines,0.0,0.0,0,0.0
666,2016-04-18,Copiers,0.0,0.0,0,0.0
667,2016-04-19,Appliances,0.8,19.567999999999998,2,-52.833600000000004
668,2016-04-19,Binders,0.8,310.39199999999994,4,-512.1468000000002
669,2016-04-19,Paper,0.0,0.0,0,0.0
670,2016-04-19,Furnishings,0.0,0.0,0,0.0
671,2016-04-19,Phones,0.0,0.0,0,0.0
672,2016-04-19,Storage,0.0,0.0,0,0.0
673,2016-04-19,Art,0.0,0.0,0,0.0
674,2016-04-19,Accessories,0.0,0.0,0,0.0
675,2016-04-19,Chairs,0.0,0.0,0,0.0
676,2016-04-19,Labels,0.0,0.0,0,0.0
677,2016-04-19,Tables,0.0,0.0,0,0.0
678,2016-04-19,Envelopes,0.0,0.0,0,0.0
679,2016-04-19,Bookcases,0.0,0.0,0,0.0
680,2016-04-19,Fasteners,0.0,0.0,0,0.0
681,2016-04-19,Supplies,0.0,0.0,0,0.0
682,2016-04-19,Machines,0.0,0.0,0,0.0
683,2016-04-19,Copiers,0.0,0.0,0,0.0
684,2016-04-20,Envelopes,0.0,180.96,2,81.432
685,2016-04-20,Furnishings,0.0,595.38,6,297.69
686,2016-04-20,Paper,0.0,12.96,2,6.2208000000000006
687,2016-04-20,Paper,0.2,117.456,3,44.04599999999999
688,2016-04-20,Phones,0.0,287.96999999999997,3,77.75189999999999
689,2016-04-20,Binders,0.0,0.0,0,0.0
690,2016-04-20,Storage,0.0,0.0,0,0.0
691,2016-04-20,Art,0.0,0.0,0,0.0
692,2016-04-20,Accessories,0.0,0.0,0,0.0
693,2016-04-20,Chairs,0.0,0.0,0,0.0
694,2016-04-20,Appliances,0.0,0.0,0,0.0
695,2016-04-20,Labels,0.0,0.0,0,0.0
696,2016-04-20,Tables,0.0,0.0,0,0.0
697,2016-04-20,Bookcases,0.0,0.0,0,0.0
698,2016-04-20,Fasteners,0.0,0.0,0,0.0
699,2016-04-20,Supplies,0.0,0.0,0,0.0
700,2016-04-20,Machines,0.0,0.0,0,0.0
701,2016-04-20,Copiers,0.0,0.0,0,0.0
702,2016-04-21,Binders,0.0,21.299999999999997,3,9.797999999999998
703,2016-04-21,Chairs,0.0,191.96,2,51.829200000000014
704,2016-04-21,Furnishings,0.0,209.88,3,35.67959999999998
705,2016-04-21,Phones,0.0,469.95,5,131.586
706,2016-04-21,Paper,0.0,0.0,0,0.0
707,2016-04-21,Storage,0.0,0.0,0,0.0
708,2016-04-21,Art,0.0,0.0,0,0.0
709,2016-04-21,Accessories,0.0,0.0,0,0.0
710,2016-04-21,Appliances,0.0,0.0,0,0.0
711,2016-04-21,Labels,0.0,0.0,0,0.0
712,2016-04-21,Tables,0.0,0.0,0,0.0
713,2016-04-21,Envelopes,0.0,0.0,0,0.0
714,2016-04-21,Bookcases,0.0,0.0,0,0.0
715,2016-04-21,Fasteners,0.0,0.0,0,0.0
716,2016-04-21,Supplies,0.0,0.0,0,0.0
717,2016-04-21,Machines,0.0,0.0,0,0.0
718,2016-04-21,Copiers,0.0,0.0,0,0.0
719,2016-04-22,Art,0.0,64.14,3,16.6764
720,2016-04-22,Phones,0.2,88.77600000000001,3,7.767900000000001
721,2016-04-22,Paper,0.0,0.0,0,0.0
722,2016-04-22,Binders,0.0,0.0,0,0.0
723,2016-04-22,Furnishings,0.0,0.0,0,0.0
724,2016-04-22,Storage,0.0,0.0,0,0.0
725,2016-04-22,Accessories,0.0,0.0,0,0.0
726,2016-04-22,Chairs,0.0,0.0,0,0.0
727,2016-04-22,Appliances,0.0,0.0,0,0.0
728,2016-04-22,Labels,0.0,0.0,0,0.0
729,2016-04-22,Tables,0.0,0.0,0,0.0
730,2016-04-22,Envelopes,0.0,0.0,0,0.0
731,2016-04-22,Bookcases,0.0,0.0,0,0.0
732,2016-04-22,Fasteners,0.0,0.0,0,0.0
733,2016-04-22,Supplies,0.0,0.0,0,0.0
734,2016-04-22,Machines,0.0,0.0,0,0.0
735,2016-04-22,Copiers,0.0,0.0,0,0.0
736,2016-04-24,Art,0.0,25.99,1,7.537099999999999
737,2016-04-24,Paper,0.0,0.0,0,0.0
738,2016-04-24,Binders,0.0,0.0,0,0.0
739,2016-04-24,Furnishings,0.0,0.0,0,0.0
740,2016-04-24,Phones,0.0,0.0,0,0.0
741,2016-04-24,Storage,0.0,0.0,0,0.0
742,2016-04-24,Accessories,0.0,0.0,0,0.0
743,2016-04-24,Chairs,0.0,0.0,0,0.0
744,2016-04-24,Appliances,0.0,0.0,0,0.0
745,2016-04-24,Labels,0.0,0.0,0,0.0
746,2016-04-24,Tables,0.0,0.0,0,0.0
747,2016-04-24,Envelopes,0.0,0.0,0,0.0
748,2016-04-24,Bookcases,0.0,0.0,0,0.0
749,2016-04-24,Fasteners,0.0,0.0,0,0.0
750,2016-04-24,Supplies,0.0,0.0,0,0.0
751,2016-04-24,Machines,0.0,0.0,0,0.0
752,2016-04-24,Copiers,0.0,0.0,0,0.0
753,2016-04-25,Appliances,0.0,478.83,8,167.10120000000003
754,2016-04-25,Art,0.0,57.75,5,16.17
755,2016-04-25,Binders,0.2,13.943999999999999,3,4.5318
756,2016-04-25,Chairs,0.3,128.058,3,-23.782199999999996
757,2016-04-25,Envelopes,0.0,21.34,2,9.8164
758,2016-04-25,Storage,0.2,221.024,2,-55.256
759,2016-04-25,Paper,0.0,0.0,0,0.0
760,2016-04-25,Furnishings,0.0,0.0,0,0.0
761,2016-04-25,Phones,0.0,0.0,0,0.0
762,2016-04-25,Accessories,0.0,0.0,0,0.0
763,2016-04-25,Labels,0.0,0.0,0,0.0
764,2016-04-25,Tables,0.0,0.0,0,0.0
765,2016-04-25,Bookcases,0.0,0.0,0,0.0
766,2016-04-25,Fasteners,0.0,0.0,0,0.0
767,2016-04-25,Supplies,0.0,0.0,0,0.0
768,2016-04-25,Machines,0.0,0.0,0,0.0
769,2016-04-25,Copiers,0.0,0.0,0,0.0
770,2016-04-26,Art,0.0,59.519999999999996,3,15.475200000000001
771,2016-04-26,Art,0.2,2.624,1,0.4263999999999998
772,2016-04-26,Binders,0.2,50.352000000000004,3,17.623199999999997
773,2016-04-26,Chairs,0.2,895.8720000000002,11,-107.99760000000003
774,2016-04-26,Chairs,0.3,408.422,2,-5.834600000000023
775,2016-04-26,Furnishings,0.2,97.04,2,1.2129999999999974
776,2016-04-26,Phones,0.2,311.97600000000006,3,38.996999999999986
777,2016-04-26,Storage,0.2,72.784,1,-18.196
778,2016-04-26,Tables,0.45,191.5155,1,-76.6062
779,2016-04-26,Paper,0.0,0.0,0,0.0
780,2016-04-26,Accessories,0.0,0.0,0,0.0
781,2016-04-26,Appliances,0.0,0.0,0,0.0
782,2016-04-26,Labels,0.0,0.0,0,0.0
783,2016-04-26,Envelopes,0.0,0.0,0,0.0
784,2016-04-26,Bookcases,0.0,0.0,0,0.0
785,2016-04-26,Fasteners,0.0,0.0,0,0.0
786,2016-04-26,Supplies,0.0,0.0,0,0.0
787,2016-04-26,Machines,0.0,0.0,0,0.0
788,2016-04-26,Copiers,0.0,0.0,0,0.0
789,2016-04-27,Appliances,0.2,43.56000000000001,5,3.2669999999999995
790,2016-04-27,Art,0.0,22.740000000000002,3,8.8686
791,2016-04-27,Chairs,0.0,1267.53,3,316.8825
792,2016-04-27,Machines,0.0,1379.92,8,648.5624
793,2016-04-27,Supplies,0.2,5.84,2,0.7299999999999995
794,2016-04-27,Paper,0.0,0.0,0,0.0
795,2016-04-27,Binders,0.0,0.0,0,0.0
796,2016-04-27,Furnishings,0.0,0.0,0,0.0
797,2016-04-27,Phones,0.0,0.0,0,0.0
798,2016-04-27,Storage,0.0,0.0,0,0.0
799,2016-04-27,Accessories,0.0,0.0,0,0.0
800,2016-04-27,Labels,0.0,0.0,0,0.0
801,2016-04-27,Tables,0.0,0.0,0,0.0
802,2016-04-27,Envelopes,0.0,0.0,0,0.0
803,2016-04-27,Bookcases,0.0,0.0,0,0.0
804,2016-04-27,Fasteners,0.0,0.0,0,0.0
805,2016-04-27,Copiers,0.0,0.0,0,0.0
806,2016-04-28,Appliances,0.1,186.732,1,41.49599999999997
807,2016-04-28,Appliances,0.8,8.651999999999997,3,-20.332200000000007
808,2016-04-28,Binders,0.0,3812.9700000000003,3,1906.4850000000001
809,2016-04-28,Binders,0.8,12.175999999999998,4,-18.87280000000001
810,2016-04-28,Storage,0.2,23.832,3,2.6810999999999954
811,2016-04-28,Paper,0.0,0.0,0,0.0
812,2016-04-28,Furnishings,0.0,0.0,0,0.0
813,2016-04-28,Phones,0.0,0.0,0,0.0
814,2016-04-28,Art,0.0,0.0,0,0.0
815,2016-04-28,Accessories,0.0,0.0,0,0.0
816,2016-04-28,Chairs,0.0,0.0,0,0.0
817,2016-04-28,Labels,0.0,0.0,0,0.0
818,2016-04-28,Tables,0.0,0.0,0,0.0
819,2016-04-28,Envelopes,0.0,0.0,0,0.0
820,2016-04-28,Bookcases,0.0,0.0,0,0.0
821,2016-04-28,Fasteners,0.0,0.0,0,0.0
822,2016-04-28,Supplies,0.0,0.0,0,0.0
823,2016-04-28,Machines,0.0,0.0,0,0.0
824,2016-04-28,Copiers,0.0,0.0,0,0.0
825,2016-04-29,Paper,0.2,7.968000000000001,2,2.8884000000000007
826,2016-04-29,Binders,0.0,0.0,0,0.0
827,2016-04-29,Furnishings,0.0,0.0,0,0.0
828,2016-04-29,Phones,0.0,0.0,0,0.0
829,2016-04-29,Storage,0.0,0.0,0,0.0
830,2016-04-29,Art,0.0,0.0,0,0.0
831,2016-04-29,Accessories,0.0,0.0,0,0.0
832,2016-04-29,Chairs,0.0,0.0,0,0.0
833,2016-04-29,Appliances,0.0,0.0,0,0.0
834,2016-04-29,Labels,0.0,0.0,0,0.0
835,2016-04-29,Tables,0.0,0.0,0,0.0
836,2016-04-29,Envelopes,0.0,0.0,0,0.0
837,2016-04-29,Bookcases,0.0,0.0,0,0.0
838,2016-04-29,Fasteners,0.0,0.0,0,0.0
839,2016-04-29,Supplies,0.0,0.0,0,0.0
840,2016-04-29,Machines,0.0,0.0,0,0.0
841,2016-04-29,Copiers,0.0,0.0,0,0.0
842,2016-04-30,Art,0.0,34.650000000000006,3,9.702
843,2016-04-30,Chairs,0.3,213.11499999999998,5,-15.22250000000001
844,2016-04-30,Furnishings,0.0,65.18,11,27.429000000000006
845,2016-04-30,Paper,0.0,6.48,1,3.1104000000000003
846,2016-04-30,Phones,0.0,209.5,10,58.66
847,2016-04-30,Phones,0.2,19.8,5,1.7325
848,2016-04-30,Phones,0.4,1022.97,5,-255.7425
849,2016-04-30,Binders,0.0,0.0,0,0.0
850,2016-04-30,Storage,0.0,0.0,0,0.0
851,2016-04-30,Accessories,0.0,0.0,0,0.0
852,2016-04-30,Appliances,0.0,0.0,0,0.0
853,2016-04-30,Labels,0.0,0.0,0,0.0
854,2016-04-30,Tables,0.0,0.0,0,0.0
855,2016-04-30,Envelopes,0.0,0.0,0,0.0
856,2016-04-30,Bookcases,0.0,0.0,0,0.0
857,2016-04-30,Fasteners,0.0,0.0,0,0.0
858,2016-04-30,Supplies,0.0,0.0,0,0.0
859,2016-04-30,Machines,0.0,0.0,0,0.0
860,2016-04-30,Copiers,0.0,0.0,0,0.0
861,2017-04-01,Appliances,0.2,30.144000000000002,2,3.0143999999999993
862,2017-04-01,Art,0.0,451.76,19,120.39160000000001
863,2017-04-01,Binders,0.2,17.944000000000003,4,5.786899999999998
864,2017-04-01,Chairs,0.1,1317.492,6,292.77599999999995
865,2017-04-01,Fasteners,0.2,31.560000000000002,5,9.862499999999997
866,2017-04-01,Furnishings,0.0,7.04,4,3.0976000000000004
867,2017-04-01,Labels,0.0,20.7,2,9.936
868,2017-04-01,Phones,0.0,48.11,5,9.391
869,2017-04-01,Storage,0.0,161.94,3,9.716399999999993
870,2017-04-01,Supplies,0.0,74.79,11,21.798599999999997
871,2017-04-01,Paper,0.0,0.0,0,0.0
872,2017-04-01,Accessories,0.0,0.0,0,0.0
873,2017-04-01,Tables,0.0,0.0,0,0.0
874,2017-04-01,Envelopes,0.0,0.0,0,0.0
875,2017-04-01,Bookcases,0.0,0.0,0,0.0
876,2017-04-01,Machines,0.0,0.0,0,0.0
877,2017-04-01,Copiers,0.0,0.0,0,0.0
878,2017-04-02,Chairs,0.0,1454.9,5,378.274
879,2017-04-02,Paper,0.0,0.0,0,0.0
880,2017-04-02,Binders,0.0,0.0,0,0.0
881,2017-04-02,Furnishings,0.0,0.0,0,0.0
882,2017-04-02,Phones,0.0,0.0,0,0.0
883,2017-04-02,Storage,0.0,0.0,0,0.0
884,2017-04-02,Art,0.0,0.0,0,0.0
885,2017-04-02,Accessories,0.0,0.0,0,0.0
886,2017-04-02,Appliances,0.0,0.0,0,0.0
887,2017-04-02,Labels,0.0,0.0,0,0.0
888,2017-04-02,Tables,0.0,0.0,0,0.0
889,2017-04-02,Envelopes,0.0,0.0,0,0.0
890,2017-04-02,Bookcases,0.0,0.0,0,0.0
891,2017-04-02,Fasteners,0.0,0.0,0,0.0
892,2017-04-02,Supplies,0.0,0.0,0,0.0
893,2017-04-02,Machines,0.0,0.0,0,0.0
894,2017-04-02,Copiers,0.0,0.0,0,0.0
895,2017-04-03,Binders,0.7,99.846,9,-83.20499999999998
896,2017-04-03,Furnishings,0.0,71.12,4,22.047199999999997
897,2017-04-03,Paper,0.2,10.272000000000002,3,3.209999999999998
898,2017-04-03,Phones,0.0,259.96,4,124.7808
899,2017-04-03,Storage,0.0,0.0,0,0.0
900,2017-04-03,Art,0.0,0.0,0,0.0
901,2017-04-03,Accessories,0.0,0.0,0,0.0
902,2017-04-03,Chairs,0.0,0.0,0,0.0
903,2017-04-03,Appliances,0.0,0.0,0,0.0
904,2017-04-03,Labels,0.0,0.0,0,0.0
905,2017-04-03,Tables,0.0,0.0,0,0.0
906,2017-04-03,Envelopes,0.0,0.0,0,0.0
907,2017-04-03,Bookcases,0.0,0.0,0,0.0
908,2017-04-03,Fasteners,0.0,0.0,0,0.0
909,2017-04-03,Supplies,0.0,0.0,0,0.0
910,2017-04-03,Machines,0.0,0.0,0,0.0
911,2017-04-03,Copiers,0.0,0.0,0,0.0
912,2017-04-04,Accessories,0.0,89.97,3,37.787400000000005
913,2017-04-04,Binders,0.2,588.784,2,183.99499999999998
914,2017-04-04,Furnishings,0.0,82.64,2,7.437600000000003
915,2017-04-04,Paper,0.0,27.81,3,13.070699999999999
916,2017-04-04,Phones,0.0,149.97,3,5.9987999999999815
917,2017-04-04,Storage,0.0,31.02,2,8.0652
918,2017-04-04,Art,0.0,0.0,0,0.0
919,2017-04-04,Chairs,0.0,0.0,0,0.0
920,2017-04-04,Appliances,0.0,0.0,0,0.0
921,2017-04-04,Labels,0.0,0.0,0,0.0
922,2017-04-04,Tables,0.0,0.0,0,0.0
923,2017-04-04,Envelopes,0.0,0.0,0,0.0
924,2017-04-04,Bookcases,0.0,0.0,0,0.0
925,2017-04-04,Fasteners,0.0,0.0,0,0.0
926,2017-04-04,Supplies,0.0,0.0,0,0.0
927,2017-04-04,Machines,0.0,0.0,0,0.0
928,2017-04-04,Copiers,0.0,0.0,0,0.0
929,2017-04-05,Phones,0.4,118.78199999999998,3,-27.715799999999994
930,2017-04-05,Storage,0.2,158.36800000000002,7,13.857199999999999
931,2017-04-05,Supplies,0.2,769.1840000000001,4,-163.45159999999996
932,2017-04-05,Paper,0.0,0.0,0,0.0
933,2017-04-05,Binders,0.0,0.0,0,0.0
934,2017-04-05,Furnishings,0.0,0.0,0,0.0
935,2017-04-05,Art,0.0,0.0,0,0.0
936,2017-04-05,Accessories,0.0,0.0,0,0.0
937,2017-04-05,Chairs,0.0,0.0,0,0.0
938,2017-04-05,Appliances,0.0,0.0,0,0.0
939,2017-04-05,Labels,0.0,0.0,0,0.0
940,2017-04-05,Tables,0.0,0.0,0,0.0
941,2017-04-05,Envelopes,0.0,0.0,0,0.0
942,2017-04-05,Bookcases,0.0,0.0,0,0.0
943,2017-04-05,Fasteners,0.0,0.0,0,0.0
944,2017-04-05,Machines,0.0,0.0,0,0.0
945,2017-04-05,Copiers,0.0,0.0,0,0.0
946,2017-04-06,Phones,0.0,1294.75,5,336.635
947,2017-04-06,Paper,0.0,0.0,0,0.0
948,2017-04-06,Binders,0.0,0.0,0,0.0
949,2017-04-06,Furnishings,0.0,0.0,0,0.0
950,2017-04-06,Storage,0.0,0.0,0,0.0
951,2017-04-06,Art,0.0,0.0,0,0.0
952,2017-04-06,Accessories,0.0,0.0,0,0.0
953,2017-04-06,Chairs,0.0,0.0,0,0.0
954,2017-04-06,Appliances,0.0,0.0,0,0.0
955,2017-04-06,Labels,0.0,0.0,0,0.0
956,2017-04-06,Tables,0.0,0.0,0,0.0
957,2017-04-06,Envelopes,0.0,0.0,0,0.0
958,2017-04-06,Bookcases,0.0,0.0,0,0.0
959,2017-04-06,Fasteners,0.0,0.0,0,0.0
960,2017-04-06,Supplies,0.0,0.0,0,0.0
961,2017-04-06,Machines,0.0,0.0,0,0.0
962,2017-04-06,Copiers,0.0,0.0,0,0.0
963,2017-04-07,Appliances,0.2,33.528000000000006,3,2.5146000000000015
964,2017-04-07,Art,0.0,3.64,2,0.9828000000000001
965,2017-04-07,Chairs,0.1,658.746,3,146.38799999999998
966,2017-04-07,Copiers,0.2,1199.976,3,374.99249999999995
967,2017-04-07,Paper,0.0,37.94,2,18.211199999999998
968,2017-04-07,Storage,0.2,36.744,3,3.674400000000004
969,2017-04-07,Binders,0.0,0.0,0,0.0
970,2017-04-07,Furnishings,0.0,0.0,0,0.0
971,2017-04-07,Phones,0.0,0.0,0,0.0
972,2017-04-07,Accessories,0.0,0.0,0,0.0
973,2017-04-07,Labels,0.0,0.0,0,0.0
974,2017-04-07,Tables,0.0,0.0,0,0.0
975,2017-04-07,Envelopes,0.0,0.0,0,0.0
976,2017-04-07,Bookcases,0.0,0.0,0,0.0
977,2017-04-07,Fasteners,0.0,0.0,0,0.0
978,2017-04-07,Supplies,0.0,0.0,0,0.0
979,2017-04-07,Machines,0.0,0.0,0,0.0
980,2017-04-08,Accessories,0.2,431.92800000000005,9,64.78919999999995
981,2017-04-08,Art,0.0,17.04,4,6.9864
982,2017-04-08,Binders,0.7,121.10400000000003,6,-100.91999999999999
983,2017-04-08,Binders,0.8,1088.7919999999997,4,-1850.9464000000007
984,2017-04-08,Bookcases,0.0,354.90000000000003,5,88.72500000000002
985,2017-04-08,Bookcases,0.2,388.70400000000006,6,-4.858800000000002
986,2017-04-08,Chairs,0.3,95.984,4,-4.113599999999998
987,2017-04-08,Envelopes,0.0,26.18,6,12.401200000000001
988,2017-04-08,Envelopes,0.2,8.872,1,3.2161
989,2017-04-08,Fasteners,0.0,30.0,6,14.399999999999999
990,2017-04-08,Furnishings,0.0,184.62,9,42.358
991,2017-04-08,Paper,0.0,93.32000000000001,14,44.3648
992,2017-04-08,Storage,0.0,64.96,2,2.598399999999998
993,2017-04-08,Phones,0.0,0.0,0,0.0
994,2017-04-08,Appliances,0.0,0.0,0,0.0
995,2017-04-08,Labels,0.0,0.0,0,0.0
996,2017-04-08,Tables,0.0,0.0,0,0.0
997,2017-04-08,Supplies,0.0,0.0,0,0.0
998,2017-04-08,Machines,0.0,0.0,0,0.0
999,2017-04-08,Copiers,0.0,0.0,0,0.0
1000,2017-04-09,Binders,0.0,5.28,2,2.4288
1001,2017-04-09,Binders,0.2,35.352000000000004,9,12.815099999999997
1002,2017-04-09,Bookcases,0.15,556.665,5,6.549000000000021
1003,2017-04-09,Phones,0.0,517.9,2,134.654
1004,2017-04-09,Paper,0.0,0.0,0,0.0
1005,2017-04-09,Furnishings,0.0,0.0,0,0.0
1006,2017-04-09,Storage,0.0,0.0,0,0.0
1007,2017-04-09,Art,0.0,0.0,0,0.0
1008,2017-04-09,Accessories,0.0,0.0,0,0.0
1009,2017-04-09,Chairs,0.0,0.0,0,0.0
1010,2017-04-09,Appliances,0.0,0.0,0,0.0
1011,2017-04-09,Labels,0.0,0.0,0,0.0
1012,2017-04-09,Tables,0.0,0.0,0,0.0
1013,2017-04-09,Envelopes,0.0,0.0,0,0.0
1014,2017-04-09,Fasteners,0.0,0.0,0,0.0
1015,2017-04-09,Supplies,0.0,0.0,0,0.0
1016,2017-04-09,Machines,0.0,0.0,0,0.0
1017,2017-04-09,Copiers,0.0,0.0,0,0.0
1018,2017-04-10,Appliances,0.0,113.76,3,44.366400000000006
1019,2017-04-10,Art,0.2,13.568000000000001,4,3.2223999999999995
1020,2017-04-10,Binders,0.2,71.232,9,23.73039999999999
1021,2017-04-10,Binders,0.7,8.904000000000002,2,-6.5296
1022,2017-04-10,Paper,0.0,12.96,2,6.2208000000000006
1023,2017-04-10,Storage,0.0,730.17,12,87.15780000000001
1024,2017-04-10,Furnishings,0.0,0.0,0,0.0
1025,2017-04-10,Phones,0.0,0.0,0,0.0
1026,2017-04-10,Accessories,0.0,0.0,0,0.0
1027,2017-04-10,Chairs,0.0,0.0,0,0.0
1028,2017-04-10,Labels,0.0,0.0,0,0.0
1029,2017-04-10,Tables,0.0,0.0,0,0.0
1030,2017-04-10,Envelopes,0.0,0.0,0,0.0
1031,2017-04-10,Bookcases,0.0,0.0,0,0.0
1032,2017-04-10,Fasteners,0.0,0.0,0,0.0
1033,2017-04-10,Supplies,0.0,0.0,0,0.0
1034,2017-04-10,Machines,0.0,0.0,0,0.0
1035,2017-04-10,Copiers,0.0,0.0,0,0.0
1036,2017-04-12,Binders,0.2,49.83200000000001,4,18.3568
1037,2017-04-12,Chairs,0.2,832.6400000000001,10,-68.35540000000005
1038,2017-04-12,Envelopes,0.0,63.9,5,28.754999999999995
1039,2017-04-12,Paper,0.0,60.43000000000001,4,29.4163
1040,2017-04-12,Paper,0.2,10.272000000000002,3,3.4668
1041,2017-04-12,Storage,0.2,181.536,4,-27.870000000000005
1042,2017-04-12,Tables,0.0,343.92,4,75.66239999999999
1043,2017-04-12,Furnishings,0.0,0.0,0,0.0
1044,2017-04-12,Phones,0.0,0.0,0,0.0
1045,2017-04-12,Art,0.0,0.0,0,0.0
1046,2017-04-12,Accessories,0.0,0.0,0,0.0
1047,2017-04-12,Appliances,0.0,0.0,0,0.0
1048,2017-04-12,Labels,0.0,0.0,0,0.0
1049,2017-04-12,Bookcases,0.0,0.0,0,0.0
1050,2017-04-12,Fasteners,0.0,0.0,0,0.0
1051,2017-04-12,Supplies,0.0,0.0,0,0.0
1052,2017-04-12,Machines,0.0,0.0,0,0.0
1053,2017-04-12,Copiers,0.0,0.0,0,0.0
1054,2017-04-13,Envelopes,0.0,6.12,3,2.8763999999999994
1055,2017-04-13,Paper,0.0,0.0,0,0.0
1056,2017-04-13,Binders,0.0,0.0,0,0.0
1057,2017-04-13,Furnishings,0.0,0.0,0,0.0
1058,2017-04-13,Phones,0.0,0.0,0,0.0
1059,2017-04-13,Storage,0.0,0.0,0,0.0
1060,2017-04-13,Art,0.0,0.0,0,0.0
1061,2017-04-13,Accessories,0.0,0.0,0,0.0
1062,2017-04-13,Chairs,0.0,0.0,0,0.0
1063,2017-04-13,Appliances,0.0,0.0,0,0.0
1064,2017-04-13,Labels,0.0,0.0,0,0.0
1065,2017-04-13,Tables,0.0,0.0,0,0.0
1066,2017-04-13,Bookcases,0.0,0.0,0,0.0
1067,2017-04-13,Fasteners,0.0,0.0,0,0.0
1068,2017-04-13,Supplies,0.0,0.0,0,0.0
1069,2017-04-13,Machines,0.0,0.0,0,0.0
1070,2017-04-13,Copiers,0.0,0.0,0,0.0
1071,2017-04-14,Binders,0.0,25.06,2,11.778199999999998
1072,2017-04-14,Chairs,0.2,1317.336,9,143.40279999999996
1073,2017-04-14,Storage,0.0,81.19999999999999,5,12.18
1074,2017-04-14,Storage,0.2,42.976,4,4.297600000000003
1075,2017-04-14,Paper,0.0,0.0,0,0.0
1076,2017-04-14,Furnishings,0.0,0.0,0,0.0
1077,2017-04-14,Phones,0.0,0.0,0,0.0
1078,2017-04-14,Art,0.0,0.0,0,0.0
1079,2017-04-14,Accessories,0.0,0.0,0,0.0
1080,2017-04-14,Appliances,0.0,0.0,0,0.0
1081,2017-04-14,Labels,0.0,0.0,0,0.0
1082,2017-04-14,Tables,0.0,0.0,0,0.0
1083,2017-04-14,Envelopes,0.0,0.0,0,0.0
1084,2017-04-14,Bookcases,0.0,0.0,0,0.0
1085,2017-04-14,Fasteners,0.0,0.0,0,0.0
1086,2017-04-14,Supplies,0.0,0.0,0,0.0
1087,2017-04-14,Machines,0.0,0.0,0,0.0
1088,2017-04-14,Copiers,0.0,0.0,0,0.0
1089,2017-04-15,Accessories,0.2,700.704,12,131.38199999999995
1090,2017-04-15,Art,0.2,33.48800000000001,7,5.860399999999997
1091,2017-04-15,Binders,0.7,189.58800000000005,2,-145.3508
1092,2017-04-15,Chairs,0.2,1121.568,2,0.0
1093,2017-04-15,Fasteners,0.2,8.04,5,2.9144999999999994
1094,2017-04-15,Paper,0.0,143.7,3,68.976
1095,2017-04-15,Storage,0.2,4.768,2,-0.7748000000000006
1096,2017-04-15,Furnishings,0.0,0.0,0,0.0
1097,2017-04-15,Phones,0.0,0.0,0,0.0
1098,2017-04-15,Appliances,0.0,0.0,0,0.0
1099,2017-04-15,Labels,0.0,0.0,0,0.0
1100,2017-04-15,Tables,0.0,0.0,0,0.0
1101,2017-04-15,Envelopes,0.0,0.0,0,0.0
1102,2017-04-15,Bookcases,0.0,0.0,0,0.0
1103,2017-04-15,Supplies,0.0,0.0,0,0.0
1104,2017-04-15,Machines,0.0,0.0,0,0.0
1105,2017-04-15,Copiers,0.0,0.0,0,0.0
1106,2017-04-16,Accessories,0.2,35.168,4,8.352400000000001
1107,2017-04-16,Art,0.0,12.84,3,3.723599999999999
1108,2017-04-16,Binders,0.0,25.299999999999997,5,11.890999999999998
1109,2017-04-16,Furnishings,0.0,9.96,2,3.2867999999999995
1110,2017-04-16,Machines,0.0,9099.93,7,2365.9817999999996
1111,2017-04-16,Paper,0.2,123.088,7,40.0036
1112,2017-04-16,Supplies,0.0,28.799999999999997,3,0.8640000000000008
1113,2017-04-16,Phones,0.0,0.0,0,0.0
1114,2017-04-16,Storage,0.0,0.0,0,0.0
1115,2017-04-16,Chairs,0.0,0.0,0,0.0
1116,2017-04-16,Appliances,0.0,0.0,0,0.0
1117,2017-04-16,Labels,0.0,0.0,0,0.0
1118,2017-04-16,Tables,0.0,0.0,0,0.0
1119,2017-04-16,Envelopes,0.0,0.0,0,0.0
1120,2017-04-16,Bookcases,0.0,0.0,0,0.0
1121,2017-04-16,Fasteners,0.0,0.0,0,0.0
1122,2017-04-16,Copiers,0.0,0.0,0,0.0
1123,2017-04-17,Bookcases,0.15,257.499,3,24.235199999999978
1124,2017-04-17,Fasteners,0.0,29.049999999999997,5,9.0055
1125,2017-04-17,Furnishings,0.2,97.744,13,20.131599999999995
1126,2017-04-17,Phones,0.2,36.792,1,4.139099999999999
1127,2017-04-17,Paper,0.0,0.0,0,0.0
1128,2017-04-17,Binders,0.0,0.0,0,0.0
1129,2017-04-17,Storage,0.0,0.0,0,0.0
1130,2017-04-17,Art,0.0,0.0,0,0.0
1131,2017-04-17,Accessories,0.0,0.0,0,0.0
1132,2017-04-17,Chairs,0.0,0.0,0,0.0
1133,2017-04-17,Appliances,0.0,0.0,0,0.0
1134,2017-04-17,Labels,0.0,0.0,0,0.0
1135,2017-04-17,Tables,0.0,0.0,0,0.0
1136,2017-04-17,Envelopes,0.0,0.0,0,0.0
1137,2017-04-17,Supplies,0.0,0.0,0,0.0
1138,2017-04-17,Machines,0.0,0.0,0,0.0
1139,2017-04-17,Copiers,0.0,0.0,0,0.0
1140,2017-04-18,Appliances,0.0,203.92,4,55.058400000000006
1141,2017-04-18,Art,0.0,6.99,3,2.027099999999999
1142,2017-04-18,Chairs,0.3,344.37199999999996,4,-93.47240000000002
1143,2017-04-18,Furnishings,0.6,127.88,5,-67.137
1144,2017-04-18,Paper,0.2,9.664000000000001,2,3.2615999999999996
1145,2017-04-18,Phones,0.0,29.56,4,7.981200000000001
1146,2017-04-18,Storage,0.2,1785.3120000000001,6,28.791900000000005
1147,2017-04-18,Supplies,0.0,6.84,1,1.8468
1148,2017-04-18,Binders,0.0,0.0,0,0.0
1149,2017-04-18,Accessories,0.0,0.0,0,0.0
1150,2017-04-18,Labels,0.0,0.0,0,0.0
1151,2017-04-18,Tables,0.0,0.0,0,0.0
1152,2017-04-18,Envelopes,0.0,0.0,0,0.0
1153,2017-04-18,Bookcases,0.0,0.0,0,0.0
1154,2017-04-18,Fasteners,0.0,0.0,0,0.0
1155,2017-04-18,Machines,0.0,0.0,0,0.0
1156,2017-04-18,Copiers,0.0,0.0,0,0.0
1157,2017-04-19,Art,0.0,153.89999999999998,12,42.22279999999999
1158,2017-04-19,Binders,0.2,24.456,6,8.4866
1159,2017-04-19,Paper,0.0,22.72,4,10.223999999999998
1160,2017-04-19,Paper,0.2,419.4,5,146.79
1161,2017-04-19,Phones,0.0,25.98,2,0.779399999999999
1162,2017-04-19,Phones,0.2,39.96000000000001,5,12.986999999999995
1163,2017-04-19,Storage,0.0,459.88,4,13.796400000000006
1164,2017-04-19,Supplies,0.0,62.660000000000004,7,17.622400000000003
1165,2017-04-19,Tables,0.4,205.176,2,-58.13319999999999
1166,2017-04-19,Furnishings,0.0,0.0,0,0.0
1167,2017-04-19,Accessories,0.0,0.0,0,0.0
1168,2017-04-19,Chairs,0.0,0.0,0,0.0
1169,2017-04-19,Appliances,0.0,0.0,0,0.0
1170,2017-04-19,Labels,0.0,0.0,0,0.0
1171,2017-04-19,Envelopes,0.0,0.0,0,0.0
1172,2017-04-19,Bookcases,0.0,0.0,0,0.0
1173,2017-04-19,Fasteners,0.0,0.0,0,0.0
1174,2017-04-19,Machines,0.0,0.0,0,0.0
1175,2017-04-19,Copiers,0.0,0.0,0,0.0
1176,2017-04-21,Appliances,0.8,48.79199999999999,3,-126.85920000000002
1177,2017-04-21,Art,0.0,15.48,3,4.4891999999999985
1178,2017-04-21,Binders,0.2,8.32,5,2.808
1179,2017-04-21,Binders,0.8,44.84799999999999,8,-67.27200000000002
1180,2017-04-21,Paper,0.0,51.84,8,24.883200000000002
1181,2017-04-21,Storage,0.2,102.33600000000001,4,-12.792000000000002
1182,2017-04-21,Furnishings,0.0,0.0,0,0.0
1183,2017-04-21,Phones,0.0,0.0,0,0.0
1184,2017-04-21,Accessories,0.0,0.0,0,0.0
1185,2017-04-21,Chairs,0.0,0.0,0,0.0
1186,2017-04-21,Labels,0.0,0.0,0,0.0
1187,2017-04-21,Tables,0.0,0.0,0,0.0
1188,2017-04-21,Envelopes,0.0,0.0,0,0.0
1189,2017-04-21,Bookcases,0.0,0.0,0,0.0
1190,2017-04-21,Fasteners,0.0,0.0,0,0.0
1191,2017-04-21,Supplies,0.0,0.0,0,0.0
1192,2017-04-21,Machines,0.0,0.0,0,0.0
1193,2017-04-21,Copiers,0.0,0.0,0,0.0
1194,2017-04-22,Appliances,0.2,78.272,2,5.8704
1195,2017-04-22,Art,0.0,35.01,10,9.1602
1196,2017-04-22,Binders,0.7,28.485,5,-20.88899999999999
1197,2017-04-22,Furnishings,0.0,118.18,5,19.07679999999999
1198,2017-04-22,Furnishings,0.2,23.56,5,7.0680000000000005
1199,2017-04-22,Storage,0.2,23.952,2,2.3952000000000018
1200,2017-04-22,Supplies,0.2,185.376,2,-34.75800000000002
1201,2017-04-22,Tables,0.5,1272.6299999999999,6,-814.4831999999999
1202,2017-04-22,Paper,0.0,0.0,0,0.0
1203,2017-04-22,Phones,0.0,0.0,0,0.0
1204,2017-04-22,Accessories,0.0,0.0,0,0.0
1205,2017-04-22,Chairs,0.0,0.0,0,0.0
1206,2017-04-22,Labels,0.0,0.0,0,0.0
1207,2017-04-22,Envelopes,0.0,0.0,0,0.0
1208,2017-04-22,Bookcases,0.0,0.0,0,0.0
1209,2017-04-22,Fasteners,0.0,0.0,0,0.0
1210,2017-04-22,Machines,0.0,0.0,0,0.0
1211,2017-04-22,Copiers,0.0,0.0,0,0.0
1212,2017-04-23,Accessories,0.0,99.99,1,34.9965
1213,2017-04-23,Binders,0.2,269.608,13,88.3009
1214,2017-04-23,Envelopes,0.0,71.97,3,35.985
1215,2017-04-23,Paper,0.2,222.88000000000002,13,78.60659999999999
1216,2017-04-23,Storage,0.2,55.92,5,6.291
1217,2017-04-23,Furnishings,0.0,0.0,0,0.0
1218,2017-04-23,Phones,0.0,0.0,0,0.0
1219,2017-04-23,Art,0.0,0.0,0,0.0
1220,2017-04-23,Chairs,0.0,0.0,0,0.0
1221,2017-04-23,Appliances,0.0,0.0,0,0.0
1222,2017-04-23,Labels,0.0,0.0,0,0.0
1223,2017-04-23,Tables,0.0,0.0,0,0.0
1224,2017-04-23,Bookcases,0.0,0.0,0,0.0
1225,2017-04-23,Fasteners,0.0,0.0,0,0.0
1226,2017-04-23,Supplies,0.0,0.0,0,0.0
1227,2017-04-23,Machines,0.0,0.0,0,0.0
1228,2017-04-23,Copiers,0.0,0.0,0,0.0
1229,2017-04-24,Accessories,0.2,258.696,3,64.674
1230,2017-04-24,Binders,0.2,3.9840000000000004,1,1.3944
1231,2017-04-24,Binders,0.7,3.108,2,-2.1755999999999993
1232,2017-04-24,Chairs,0.2,1325.76,6,149.1479999999999
1233,2017-04-24,Paper,0.2,15.552000000000003,3,5.4432
1234,2017-04-24,Furnishings,0.0,0.0,0,0.0
1235,2017-04-24,Phones,0.0,0.0,0,0.0
1236,2017-04-24,Storage,0.0,0.0,0,0.0
1237,2017-04-24,Art,0.0,0.0,0,0.0
1238,2017-04-24,Appliances,0.0,0.0,0,0.0
1239,2017-04-24,Labels,0.0,0.0,0,0.0
1240,2017-04-24,Tables,0.0,0.0,0,0.0
1241,2017-04-24,Envelopes,0.0,0.0,0,0.0
1242,2017-04-24,Bookcases,0.0,0.0,0,0.0
1243,2017-04-24,Fasteners,0.0,0.0,0,0.0
1244,2017-04-24,Supplies,0.0,0.0,0,0.0
1245,2017-04-24,Machines,0.0,0.0,0,0.0
1246,2017-04-24,Copiers,0.0,0.0,0,0.0
1247,2017-04-25,Binders,0.7,25.620000000000005,5,-17.243199999999995
1248,2017-04-25,Phones,0.4,82.8,2,-20.700000000000003
1249,2017-04-25,Paper,0.0,0.0,0,0.0
1250,2017-04-25,Furnishings,0.0,0.0,0,0.0
1251,2017-04-25,Storage,0.0,0.0,0,0.0
1252,2017-04-25,Art,0.0,0.0,0,0.0
1253,2017-04-25,Accessories,0.0,0.0,0,0.0
1254,2017-04-25,Chairs,0.0,0.0,0,0.0
1255,2017-04-25,Appliances,0.0,0.0,0,0.0
1256,2017-04-25,Labels,0.0,0.0,0,0.0
1257,2017-04-25,Tables,0.0,0.0,0,0.0
1258,2017-04-25,Envelopes,0.0,0.0,0,0.0
1259,2017-04-25,Bookcases,0.0,0.0,0,0.0
1260,2017-04-25,Fasteners,0.0,0.0,0,0.0
1261,2017-04-25,Supplies,0.0,0.0,0,0.0
1262,2017-04-25,Machines,0.0,0.0,0,0.0
1263,2017-04-25,Copiers,0.0,0.0,0,0.0
1264,2017-04-26,Chairs,0.1,434.646,3,62.782199999999975
1265,2017-04-26,Paper,0.0,0.0,0,0.0
1266,2017-04-26,Binders,0.0,0.0,0,0.0
1267,2017-04-26,Furnishings,0.0,0.0,0,0.0
1268,2017-04-26,Phones,0.0,0.0,0,0.0
1269,2017-04-26,Storage,0.0,0.0,0,0.0
1270,2017-04-26,Art,0.0,0.0,0,0.0
1271,2017-04-26,Accessories,0.0,0.0,0,0.0
1272,2017-04-26,Appliances,0.0,0.0,0,0.0
1273,2017-04-26,Labels,0.0,0.0,0,0.0
1274,2017-04-26,Tables,0.0,0.0,0,0.0
1275,2017-04-26,Envelopes,0.0,0.0,0,0.0
1276,2017-04-26,Bookcases,0.0,0.0,0,0.0
1277,2017-04-26,Fasteners,0.0,0.0,0,0.0
1278,2017-04-26,Supplies,0.0,0.0,0,0.0
1279,2017-04-26,Machines,0.0,0.0,0,0.0
1280,2017-04-26,Copiers,0.0,0.0,0,0.0
1281,2017-04-28,Chairs,0.2,41.568000000000005,2,2.5980000000000008
1282,2017-04-28,Furnishings,0.6,30.344,2,-31.861200000000004
1283,2017-04-28,Labels,0.2,15.712000000000002,4,5.695599999999999
1284,2017-04-28,Paper,0.2,29.472,3,9.946799999999998
1285,2017-04-28,Phones,0.2,369.576,3,41.57729999999995
1286,2017-04-28,Binders,0.0,0.0,0,0.0
1287,2017-04-28,Storage,0.0,0.0,0,0.0
1288,2017-04-28,Art,0.0,0.0,0,0.0
1289,2017-04-28,Accessories,0.0,0.0,0,0.0
1290,2017-04-28,Appliances,0.0,0.0,0,0.0
1291,2017-04-28,Tables,0.0,0.0,0,0.0
1292,2017-04-28,Envelopes,0.0,0.0,0,0.0
1293,2017-04-28,Bookcases,0.0,0.0,0,0.0
1294,2017-04-28,Fasteners,0.0,0.0,0,0.0
1295,2017-04-28,Supplies,0.0,0.0,0,0.0
1296,2017-04-28,Machines,0.0,0.0,0,0.0
1297,2017-04-28,Copiers,0.0,0.0,0,0.0
1298,2017-04-30,Binders,0.2,7.712000000000001,2,2.7956000000000003
1299,2017-04-30,Furnishings,0.2,111.888,7,22.3776
1300,2017-04-30,Furnishings,0.6,22.608,3,-10.173599999999997
1301,2017-04-30,Paper,0.0,0.0,0,0.0
1302,2017-04-30,Phones,0.0,0.0,0,0.0
1303,2017-04-30,Storage,0.0,0.0,0,0.0
1304,2017-04-30,Art,0.0,0.0,0,0.0
1305,2017-04-30,Accessories,0.0,0.0,0,0.0
1306,2017-04-30,Chairs,0.0,0.0,0,0.0
1307,2017-04-30,Appliances,0.0,0.0,0,0.0
1308,2017-04-30,Labels,0.0,0.0,0,0.0
1309,2017-04-30,Tables,0.0,0.0,0,0.0
1310,2017-04-30,Envelopes,0.0,0.0,0,0.0
1311,2017-04-30,Bookcases,0.0,0.0,0,0.0
1312,2017-04-30,Fasteners,0.0,0.0,0,0.0
1313,2017-04-30,Supplies,0.0,0.0,0,0.0
1314,2017-04-30,Machines,0.0,0.0,0,0.0
1315,2017-04-30,Copiers,0.0,0.0,0,0.0
1316,2018-04-01,Appliances,0.2,20.808,3,1.8207000000000013
1317,2018-04-01,Binders,0.2,121.67999999999999,13,38.02499999999998
1318,2018-04-01,Bookcases,0.15,482.664,8,85.17599999999997
1319,2018-04-01,Chairs,0.2,218.35200000000003,3,-19.105800000000016
1320,2018-04-01,Envelopes,0.0,28.4,5,13.347999999999997
1321,2018-04-01,Furnishings,0.0,127.94999999999999,3,21.751499999999986
1322,2018-04-01,Labels,0.0,5.78,2,2.7166
1323,2018-04-01,Labels,0.2,6.264,3,2.0358
1324,2018-04-01,Machines,0.2,4799.9839999999995,2,359.9987999999996
1325,2018-04-01,Paper,0.0,42.92999999999999,9,19.318499999999997
1326,2018-04-01,Phones,0.2,23.976000000000003,3,-5.694300000000001
1327,2018-04-01,Storage,0.0,94.19999999999999,6,23.550000000000004
1328,2018-04-01,Art,0.0,0.0,0,0.0
1329,2018-04-01,Accessories,0.0,0.0,0,0.0
1330,2018-04-01,Tables,0.0,0.0,0,0.0
1331,2018-04-01,Fasteners,0.0,0.0,0,0.0
1332,2018-04-01,Supplies,0.0,0.0,0,0.0
1333,2018-04-01,Copiers,0.0,0.0,0,0.0
1334,2018-04-02,Accessories,0.0,360.0,4,129.6
1335,2018-04-02,Art,0.0,11.12,4,2.8911999999999995
1336,2018-04-02,Furnishings,0.0,25.11,3,6.528599999999999
1337,2018-04-02,Labels,0.0,14.940000000000001,3,6.8724
1338,2018-04-02,Tables,0.0,411.8,2,70.00599999999997
1339,2018-04-02,Paper,0.0,0.0,0,0.0
1340,2018-04-02,Binders,0.0,0.0,0,0.0
1341,2018-04-02,Phones,0.0,0.0,0,0.0
1342,2018-04-02,Storage,0.0,0.0,0,0.0
1343,2018-04-02,Chairs,0.0,0.0,0,0.0
1344,2018-04-02,Appliances,0.0,0.0,0,0.0
1345,2018-04-02,Envelopes,0.0,0.0,0,0.0
1346,2018-04-02,Bookcases,0.0,0.0,0,0.0
1347,2018-04-02,Fasteners,0.0,0.0,0,0.0
1348,2018-04-02,Supplies,0.0,0.0,0,0.0
1349,2018-04-02,Machines,0.0,0.0,0,0.0
1350,2018-04-02,Copiers,0.0,0.0,0,0.0
1351,2018-04-03,Art,0.2,7.055999999999999,3,2.205
1352,2018-04-03,Furnishings,0.2,25.472,4,7.641600000000002
1353,2018-04-03,Paper,0.0,0.0,0,0.0
1354,2018-04-03,Binders,0.0,0.0,0,0.0
1355,2018-04-03,Phones,0.0,0.0,0,0.0
1356,2018-04-03,Storage,0.0,0.0,0,0.0
1357,2018-04-03,Accessories,0.0,0.0,0,0.0
1358,2018-04-03,Chairs,0.0,0.0,0,0.0
1359,2018-04-03,Appliances,0.0,0.0,0,0.0
1360,2018-04-03,Labels,0.0,0.0,0,0.0
1361,2018-04-03,Tables,0.0,0.0,0,0.0
1362,2018-04-03,Envelopes,0.0,0.0,0,0.0
1363,2018-04-03,Bookcases,0.0,0.0,0,0.0
1364,2018-04-03,Fasteners,0.0,0.0,0,0.0
1365,2018-04-03,Supplies,0.0,0.0,0,0.0
1366,2018-04-03,Machines,0.0,0.0,0,0.0
1367,2018-04-03,Copiers,0.0,0.0,0,0.0
1368,2018-04-04,Art,0.0,7.04,4,2.0416
1369,2018-04-04,Envelopes,0.0,16.98,1,8.49
1370,2018-04-04,Phones,0.0,160.24,3,44.45500000000001
1371,2018-04-04,Phones,0.2,383.84000000000003,4,47.97999999999999
1372,2018-04-04,Supplies,0.0,240.37,1,7.211100000000016
1373,2018-04-04,Paper,0.0,0.0,0,0.0
1374,2018-04-04,Binders,0.0,0.0,0,0.0
1375,2018-04-04,Furnishings,0.0,0.0,0,0.0
1376,2018-04-04,Storage,0.0,0.0,0,0.0
1377,2018-04-04,Accessories,0.0,0.0,0,0.0
1378,2018-04-04,Chairs,0.0,0.0,0,0.0
1379,2018-04-04,Appliances,0.0,0.0,0,0.0
1380,2018-04-04,Labels,0.0,0.0,0,0.0
1381,2018-04-04,Tables,0.0,0.0,0,0.0
1382,2018-04-04,Bookcases,0.0,0.0,0,0.0
1383,2018-04-04,Fasteners,0.0,0.0,0,0.0
1384,2018-04-04,Machines,0.0,0.0,0,0.0
1385,2018-04-04,Copiers,0.0,0.0,0,0.0
1386,2018-04-06,Binders,0.7,8.100000000000001,5,-5.939999999999998
1387,2018-04-06,Paper,0.0,106.32,3,49.97039999999999
1388,2018-04-06,Furnishings,0.0,0.0,0,0.0
1389,2018-04-06,Phones,0.0,0.0,0,0.0
1390,2018-04-06,Storage,0.0,0.0,0,0.0
1391,2018-04-06,Art,0.0,0.0,0,0.0
1392,2018-04-06,Accessories,0.0,0.0,0,0.0
1393,2018-04-06,Chairs,0.0,0.0,0,0.0
1394,2018-04-06,Appliances,0.0,0.0,0,0.0
1395,2018-04-06,Labels,0.0,0.0,0,0.0
1396,2018-04-06,Tables,0.0,0.0,0,0.0
1397,2018-04-06,Envelopes,0.0,0.0,0,0.0
1398,2018-04-06,Bookcases,0.0,0.0,0,0.0
1399,2018-04-06,Fasteners,0.0,0.0,0,0.0
1400,2018-04-06,Supplies,0.0,0.0,0,0.0
1401,2018-04-06,Machines,0.0,0.0,0,0.0
1402,2018-04-06,Copiers,0.0,0.0,0,0.0
1403,2018-04-07,Accessories,0.2,617.9760000000001,3,-7.724700000000098
1404,2018-04-07,Art,0.2,16.256,2,1.2192000000000007
1405,2018-04-07,Binders,0.7,5.328000000000001,2,-3.5519999999999996
1406,2018-04-07,Furnishings,0.2,258.072,3,0.0
1407,2018-04-07,Phones,0.2,219.18400000000003,2,19.178600000000003
1408,2018-04-07,Tables,0.45,854.4745000000001,5,-350.2937999999999
1409,2018-04-07,Paper,0.0,0.0,0,0.0
1410,2018-04-07,Storage,0.0,0.0,0,0.0
1411,2018-04-07,Chairs,0.0,0.0,0,0.0
1412,2018-04-07,Appliances,0.0,0.0,0,0.0
1413,2018-04-07,Labels,0.0,0.0,0,0.0
1414,2018-04-07,Envelopes,0.0,0.0,0,0.0
1415,2018-04-07,Bookcases,0.0,0.0,0,0.0
1416,2018-04-07,Fasteners,0.0,0.0,0,0.0
1417,2018-04-07,Supplies,0.0,0.0,0,0.0
1418,2018-04-07,Machines,0.0,0.0,0,0.0
1419,2018-04-07,Copiers,0.0,0.0,0,0.0
1420,2018-04-08,Appliances,0.0,41.95,5,10.4875
1421,2018-04-08,Binders,0.0,2690.9700000000003,3,1264.7558999999999
1422,2018-04-08,Furnishings,0.0,637.14,11,166.78199999999998
1423,2018-04-08,Paper,0.0,440.30999999999995,9,212.81849999999997
1424,2018-04-08,Storage,0.0,2591.56,4,621.9744000000001
1425,2018-04-08,Phones,0.0,0.0,0,0.0
1426,2018-04-08,Art,0.0,0.0,0,0.0
1427,2018-04-08,Accessories,0.0,0.0,0,0.0
1428,2018-04-08,Chairs,0.0,0.0,0,0.0
1429,2018-04-08,Labels,0.0,0.0,0,0.0
1430,2018-04-08,Tables,0.0,0.0,0,0.0
1431,2018-04-08,Envelopes,0.0,0.0,0,0.0
1432,2018-04-08,Bookcases,0.0,0.0,0,0.0
1433,2018-04-08,Fasteners,0.0,0.0,0,0.0
1434,2018-04-08,Supplies,0.0,0.0,0,0.0
1435,2018-04-08,Machines,0.0,0.0,0,0.0
1436,2018-04-08,Copiers,0.0,0.0,0,0.0
1437,2018-04-09,Art,0.0,35.97,3,9.711899999999998
1438,2018-04-09,Binders,0.0,478.24,8,219.99039999999997
1439,2018-04-09,Binders,0.7,55.32600000000001,5,-42.4166
1440,2018-04-09,Labels,0.0,18.46,5,9.0454
1441,2018-04-09,Labels,0.2,15.120000000000001,3,4.913999999999999
1442,2018-04-09,Paper,0.0,204.56,6,98.18879999999999
1443,2018-04-09,Paper,0.2,317.224,5,111.84819999999999
1444,2018-04-09,Storage,0.0,501.81000000000006,3,0.0
1445,2018-04-09,Furnishings,0.0,0.0,0,0.0
1446,2018-04-09,Phones,0.0,0.0,0,0.0
1447,2018-04-09,Accessories,0.0,0.0,0,0.0
1448,2018-04-09,Chairs,0.0,0.0,0,0.0
1449,2018-04-09,Appliances,0.0,0.0,0,0.0
1450,2018-04-09,Tables,0.0,0.0,0,0.0
1451,2018-04-09,Envelopes,0.0,0.0,0,0.0
1452,2018-04-09,Bookcases,0.0,0.0,0,0.0
1453,2018-04-09,Fasteners,0.0,0.0,0,0.0
1454,2018-04-09,Supplies,0.0,0.0,0,0.0
1455,2018-04-09,Machines,0.0,0.0,0,0.0
1456,2018-04-09,Copiers,0.0,0.0,0,0.0
1457,2018-04-10,Accessories,0.0,99.99,1,41.9958
1458,2018-04-10,Accessories,0.2,95.736,3,20.3439
1459,2018-04-10,Appliances,0.2,195.104,4,21.94919999999997
1460,2018-04-10,Binders,0.7,4.4190000000000005,3,-3.0933
1461,2018-04-10,Fasteners,0.0,7.16,2,3.58
1462,2018-04-10,Furnishings,0.2,48.992,8,8.2656
1463,2018-04-10,Paper,0.0,7.61,1,3.5766999999999998
1464,2018-04-10,Paper,0.2,10.368000000000002,2,3.6288
1465,2018-04-10,Storage,0.0,286.15,5,71.5375
1466,2018-04-10,Phones,0.0,0.0,0,0.0
1467,2018-04-10,Art,0.0,0.0,0,0.0
1468,2018-04-10,Chairs,0.0,0.0,0,0.0
1469,2018-04-10,Labels,0.0,0.0,0,0.0
1470,2018-04-10,Tables,0.0,0.0,0,0.0
1471,2018-04-10,Envelopes,0.0,0.0,0,0.0
1472,2018-04-10,Bookcases,0.0,0.0,0,0.0
1473,2018-04-10,Supplies,0.0,0.0,0,0.0
1474,2018-04-10,Machines,0.0,0.0,0,0.0
1475,2018-04-10,Copiers,0.0,0.0,0,0.0
1476,2018-04-11,Accessories,0.0,199.95000000000002,5,21.994499999999988
1477,2018-04-11,Accessories,0.2,27.12,2,-4.746000000000001
1478,2018-04-11,Art,0.0,41.86,7,14.232399999999998
1479,2018-04-11,Art,0.2,22.744,9,2.5148999999999964
1480,2018-04-11,Binders,0.8,11.363999999999997,3,-17.046
1481,2018-04-11,Storage,0.2,16.768,2,1.4672
1482,2018-04-11,Paper,0.0,0.0,0,0.0
1483,2018-04-11,Furnishings,0.0,0.0,0,0.0
1484,2018-04-11,Phones,0.0,0.0,0,0.0
1485,2018-04-11,Chairs,0.0,0.0,0,0.0
1486,2018-04-11,Appliances,0.0,0.0,0,0.0
1487,2018-04-11,Labels,0.0,0.0,0,0.0
1488,2018-04-11,Tables,0.0,0.0,0,0.0
1489,2018-04-11,Envelopes,0.0,0.0,0,0.0
1490,2018-04-11,Bookcases,0.0,0.0,0,0.0
1491,2018-04-11,Fasteners,0.0,0.0,0,0.0
1492,2018-04-11,Supplies,0.0,0.0,0,0.0
1493,2018-04-11,Machines,0.0,0.0,0,0.0
1494,2018-04-11,Copiers,0.0,0.0,0,0.0
1495,2018-04-12,Binders,0.0,29.700000000000003,5,13.365
1496,2018-04-12,Paper,0.0,39.96,4,17.982
1497,2018-04-12,Furnishings,0.0,0.0,0,0.0
1498,2018-04-12,Phones,0.0,0.0,0,0.0
1499,2018-04-12,Storage,0.0,0.0,0,0.0
1500,2018-04-12,Art,0.0,0.0,0,0.0
1501,2018-04-12,Accessories,0.0,0.0,0,0.0
1502,2018-04-12,Chairs,0.0,0.0,0,0.0
1503,2018-04-12,Appliances,0.0,0.0,0,0.0
1504,2018-04-12,Labels,0.0,0.0,0,0.0
1505,2018-04-12,Tables,0.0,0.0,0,0.0
1506,2018-04-12,Envelopes,0.0,0.0,0,0.0
1507,2018-04-12,Bookcases,0.0,0.0,0,0.0
1508,2018-04-12,Fasteners,0.0,0.0,0,0.0
1509,2018-04-12,Supplies,0.0,0.0,0,0.0
1510,2018-04-12,Machines,0.0,0.0,0,0.0
1511,2018-04-12,Copiers,0.0,0.0,0,0.0
1512,2018-04-13,Binders,0.2,895.92,5,302.37299999999993
1513,2018-04-13,Chairs,0.2,436.70400000000006,6,-38.21160000000003
1514,2018-04-13,Fasteners,0.2,7.92,5,1.6829999999999994
1515,2018-04-13,Paper,0.0,5.28,1,2.376
1516,2018-04-13,Furnishings,0.0,0.0,0,0.0
1517,2018-04-13,Phones,0.0,0.0,0,0.0
1518,2018-04-13,Storage,0.0,0.0,0,0.0
1519,2018-04-13,Art,0.0,0.0,0,0.0
1520,2018-04-13,Accessories,0.0,0.0,0,0.0
1521,2018-04-13,Appliances,0.0,0.0,0,0.0
1522,2018-04-13,Labels,0.0,0.0,0,0.0
1523,2018-04-13,Tables,0.0,0.0,0,0.0
1524,2018-04-13,Envelopes,0.0,0.0,0,0.0
1525,2018-04-13,Bookcases,0.0,0.0,0,0.0
1526,2018-04-13,Supplies,0.0,0.0,0,0.0
1527,2018-04-13,Machines,0.0,0.0,0,0.0
1528,2018-04-13,Copiers,0.0,0.0,0,0.0
1529,2018-04-14,Art,0.2,104.448,6,23.8944
1530,2018-04-14,Binders,0.0,8.76,2,4.2048
1531,2018-04-14,Binders,0.2,10.776000000000002,3,3.502199999999999
1532,2018-04-14,Bookcases,0.2,440.624,11,-23.13100000000005
1533,2018-04-14,Furnishings,0.0,74.45,5,20.1015
1534,2018-04-14,Paper,0.2,13.872000000000002,3,5.028600000000001
1535,2018-04-14,Phones,0.0,0.0,0,0.0
1536,2018-04-14,Storage,0.0,0.0,0,0.0
1537,2018-04-14,Accessories,0.0,0.0,0,0.0
1538,2018-04-14,Chairs,0.0,0.0,0,0.0
1539,2018-04-14,Appliances,0.0,0.0,0,0.0
1540,2018-04-14,Labels,0.0,0.0,0,0.0
1541,2018-04-14,Tables,0.0,0.0,0,0.0
1542,2018-04-14,Envelopes,0.0,0.0,0,0.0
1543,2018-04-14,Fasteners,0.0,0.0,0,0.0
1544,2018-04-14,Supplies,0.0,0.0,0,0.0
1545,2018-04-14,Machines,0.0,0.0,0,0.0
1546,2018-04-14,Copiers,0.0,0.0,0,0.0
1547,2018-04-15,Art,0.0,4.89,1,2.0049
1548,2018-04-15,Binders,0.7,15.570000000000004,3,-11.936999999999998
1549,2018-04-15,Furnishings,0.0,196.45,5,70.72199999999998
1550,2018-04-15,Paper,0.0,79.14,3,36.404399999999995
1551,2018-04-15,Paper,0.2,36.28800000000001,7,12.700800000000001
1552,2018-04-15,Phones,0.0,0.0,0,0.0
1553,2018-04-15,Storage,0.0,0.0,0,0.0
1554,2018-04-15,Accessories,0.0,0.0,0,0.0
1555,2018-04-15,Chairs,0.0,0.0,0,0.0
1556,2018-04-15,Appliances,0.0,0.0,0,0.0
1557,2018-04-15,Labels,0.0,0.0,0,0.0
1558,2018-04-15,Tables,0.0,0.0,0,0.0
1559,2018-04-15,Envelopes,0.0,0.0,0,0.0
1560,2018-04-15,Bookcases,0.0,0.0,0,0.0
1561,2018-04-15,Fasteners,0.0,0.0,0,0.0
1562,2018-04-15,Supplies,0.0,0.0,0,0.0
1563,2018-04-15,Machines,0.0,0.0,0,0.0
1564,2018-04-15,Copiers,0.0,0.0,0,0.0
1565,2018-04-16,Accessories,0.0,25.98,2,1.558799999999998
1566,2018-04-16,Appliances,0.0,40.74,3,12.222
1567,2018-04-16,Art,0.2,16.520000000000003,5,2.0649999999999986
1568,2018-04-16,Binders,0.7,13.710000000000003,5,-10.053999999999998
1569,2018-04-16,Binders,0.8,28.941999999999993,4,-49.0566
1570,2018-04-16,Bookcases,0.15,102.833,1,-6.0489999999999995
1571,2018-04-16,Storage,0.0,205.92,4,2.059200000000004
1572,2018-04-16,Storage,0.2,32.544000000000004,2,-7.729200000000004
1573,2018-04-16,Supplies,0.0,477.24,4,9.54480000000001
1574,2018-04-16,Paper,0.0,0.0,0,0.0
1575,2018-04-16,Furnishings,0.0,0.0,0,0.0
1576,2018-04-16,Phones,0.0,0.0,0,0.0
1577,2018-04-16,Chairs,0.0,0.0,0,0.0
1578,2018-04-16,Labels,0.0,0.0,0,0.0
1579,2018-04-16,Tables,0.0,0.0,0,0.0
1580,2018-04-16,Envelopes,0.0,0.0,0,0.0
1581,2018-04-16,Fasteners,0.0,0.0,0,0.0
1582,2018-04-16,Machines,0.0,0.0,0,0.0
1583,2018-04-16,Copiers,0.0,0.0,0,0.0
1584,2018-04-17,Accessories,0.0,274.89,11,46.73129999999996
1585,2018-04-17,Binders,0.7,42.58800000000001,13,-31.632199999999997
1586,2018-04-17,Chairs,0.2,218.35200000000003,3,-19.105800000000016
1587,2018-04-17,Fasteners,0.0,10.9,5,3.5970000000000004
1588,2018-04-17,Furnishings,0.2,60.312,3,5.2773
1589,2018-04-17,Labels,0.0,30.419999999999998,10,14.7582
1590,2018-04-17,Machines,0.7,2549.9850000000006,5,-3399.980000000001
1591,2018-04-17,Paper,0.0,28.14,3,13.507200000000001
1592,2018-04-17,Paper,0.2,20.736000000000004,4,7.2576
1593,2018-04-17,Storage,0.2,195.136,4,-43.9056
1594,2018-04-17,Phones,0.0,0.0,0,0.0
1595,2018-04-17,Art,0.0,0.0,0,0.0
1596,2018-04-17,Appliances,0.0,0.0,0,0.0
1597,2018-04-17,Tables,0.0,0.0,0,0.0
1598,2018-04-17,Envelopes,0.0,0.0,0,0.0
1599,2018-04-17,Bookcases,0.0,0.0,0,0.0
1600,2018-04-17,Supplies,0.0,0.0,0,0.0
1601,2018-04-17,Copiers,0.0,0.0,0,0.0
1602,2018-04-20,Art,0.2,15.76,2,3.5460000000000007
1603,2018-04-20,Binders,0.0,183.42000000000002,11,88.77279999999999
1604,2018-04-20,Binders,0.7,8.700000000000001,5,-6.379999999999999
1605,2018-04-20,Chairs,0.3,317.058,3,-18.117599999999996
1606,2018-04-20,Furnishings,0.2,94.376,5,19.935399999999998
1607,2018-04-20,Furnishings,0.6,58.96000000000001,7,-58.35799999999999
1608,2018-04-20,Phones,0.4,122.38199999999999,3,-24.476399999999998
1609,2018-04-20,Storage,0.2,1232.584,8,17.832099999999876
1610,2018-04-20,Paper,0.0,0.0,0,0.0
1611,2018-04-20,Accessories,0.0,0.0,0,0.0
1612,2018-04-20,Appliances,0.0,0.0,0,0.0
1613,2018-04-20,Labels,0.0,0.0,0,0.0
1614,2018-04-20,Tables,0.0,0.0,0,0.0
1615,2018-04-20,Envelopes,0.0,0.0,0,0.0
1616,2018-04-20,Bookcases,0.0,0.0,0,0.0
1617,2018-04-20,Fasteners,0.0,0.0,0,0.0
1618,2018-04-20,Supplies,0.0,0.0,0,0.0
1619,2018-04-20,Machines,0.0,0.0,0,0.0
1620,2018-04-20,Copiers,0.0,0.0,0,0.0
1621,2018-04-21,Accessories,0.0,11.54,1,3.4619999999999997
1622,2018-04-21,Accessories,0.2,47.976,3,8.395799999999994
1623,2018-04-21,Appliances,0.8,97.26399999999998,4,-243.16000000000008
1624,2018-04-21,Binders,0.8,5.627999999999998,6,-9.702300000000005
1625,2018-04-21,Chairs,0.0,908.82,9,227.20500000000004
1626,2018-04-21,Furnishings,0.0,162.60000000000002,3,34.145999999999994
1627,2018-04-21,Paper,0.2,20.736000000000004,4,7.2576
1628,2018-04-21,Phones,0.0,0.0,0,0.0
1629,2018-04-21,Storage,0.0,0.0,0,0.0
1630,2018-04-21,Art,0.0,0.0,0,0.0
1631,2018-04-21,Labels,0.0,0.0,0,0.0
1632,2018-04-21,Tables,0.0,0.0,0,0.0
1633,2018-04-21,Envelopes,0.0,0.0,0,0.0
1634,2018-04-21,Bookcases,0.0,0.0,0,0.0
1635,2018-04-21,Fasteners,0.0,0.0,0,0.0
1636,2018-04-21,Supplies,0.0,0.0,0,0.0
1637,2018-04-21,Machines,0.0,0.0,0,0.0
1638,2018-04-21,Copiers,0.0,0.0,0,0.0
1639,2018-04-22,Furnishings,0.0,18.28,2,6.215199999999999
1640,2018-04-22,Furnishings,0.2,254.35200000000003,3,0.0
1641,2018-04-22,Storage,0.0,675.0600000000001,3,87.7578
1642,2018-04-22,Paper,0.0,0.0,0,0.0
1643,2018-04-22,Binders,0.0,0.0,0,0.0
1644,2018-04-22,Phones,0.0,0.0,0,0.0
1645,2018-04-22,Art,0.0,0.0,0,0.0
1646,2018-04-22,Accessories,0.0,0.0,0,0.0
1647,2018-04-22,Chairs,0.0,0.0,0,0.0
1648,2018-04-22,Appliances,0.0,0.0,0,0.0
1649,2018-04-22,Labels,0.0,0.0,0,0.0
1650,2018-04-22,Tables,0.0,0.0,0,0.0
1651,2018-04-22,Envelopes,0.0,0.0,0,0.0
1652,2018-04-22,Bookcases,0.0,0.0,0,0.0
1653,2018-04-22,Fasteners,0.0,0.0,0,0.0
1654,2018-04-22,Supplies,0.0,0.0,0,0.0
1655,2018-04-22,Machines,0.0,0.0,0,0.0
1656,2018-04-22,Copiers,0.0,0.0,0,0.0
1657,2018-04-23,Accessories,0.0,155.34,6,55.922399999999996
1658,2018-04-23,Accessories,0.2,45.408,2,11.919599999999999
1659,2018-04-23,Appliances,0.0,121.94,2,35.362599999999986
1660,2018-04-23,Binders,0.2,92.88000000000001,6,30.185999999999996
1661,2018-04-23,Binders,0.7,11.760000000000002,5,-7.839999999999996
1662,2018-04-23,Bookcases,0.2,387.136,4,-14.51760000000003
1663,2018-04-23,Envelopes,0.2,18.688,2,7.008
1664,2018-04-23,Furnishings,0.0,90.5,9,34.510200000000005
1665,2018-04-23,Furnishings,0.2,89.616,6,-8.339400000000005
1666,2018-04-23,Labels,0.2,3.0,1,1.0499999999999998
1667,2018-04-23,Paper,0.2,5.344,1,1.8703999999999998
1668,2018-04-23,Supplies,0.0,177.61,12,52.18499999999999
1669,2018-04-23,Phones,0.0,0.0,0,0.0
1670,2018-04-23,Storage,0.0,0.0,0,0.0
1671,2018-04-23,Art,0.0,0.0,0,0.0
1672,2018-04-23,Chairs,0.0,0.0,0,0.0
1673,2018-04-23,Tables,0.0,0.0,0,0.0
1674,2018-04-23,Fasteners,0.0,0.0,0,0.0
1675,2018-04-23,Machines,0.0,0.0,0,0.0
1676,2018-04-23,Copiers,0.0,0.0,0,0.0
1677,2018-04-24,Accessories,0.0,69.98,2,4.898600000000002
1678,2018-04-24,Appliances,0.2,99.28,2,12.40999999999999
1679,2018-04-24,Binders,0.7,8.706000000000001,4,-6.7538
1680,2018-04-24,Binders,0.8,10.429999999999996,5,-18.2525
1681,2018-04-24,Fasteners,0.0,1.81,1,0.6516
1682,2018-04-24,Phones,0.2,552.0,10,34.5
1683,2018-04-24,Storage,0.2,186.35200000000003,3,-39.49000000000002
1684,2018-04-24,Paper,0.0,0.0,0,0.0
1685,2018-04-24,Furnishings,0.0,0.0,0,0.0
1686,2018-04-24,Art,0.0,0.0,0,0.0
1687,2018-04-24,Chairs,0.0,0.0,0,0.0
1688,2018-04-24,Labels,0.0,0.0,0,0.0
1689,2018-04-24,Tables,0.0,0.0,0,0.0
1690,2018-04-24,Envelopes,0.0,0.0,0,0.0
1691,2018-04-24,Bookcases,0.0,0.0,0,0.0
1692,2018-04-24,Supplies,0.0,0.0,0,0.0
1693,2018-04-24,Machines,0.0,0.0,0,0.0
1694,2018-04-24,Copiers,0.0,0.0,0,0.0
1695,2018-04-25,Accessories,0.0,107.97,3,22.6737
1696,2018-04-25,Art,0.2,118.86399999999999,18,12.7152
1697,2018-04-25,Binders,0.2,87.24799999999999,5,32.0228
1698,2018-04-25,Bookcases,0.15,344.98099999999994,7,28.410200000000017
1699,2018-04-25,Paper,0.0,19.049999999999997,3,8.763
1700,2018-04-25,Furnishings,0.0,0.0,0,0.0
1701,2018-04-25,Phones,0.0,0.0,0,0.0
1702,2018-04-25,Storage,0.0,0.0,0,0.0
1703,2018-04-25,Chairs,0.0,0.0,0,0.0
1704,2018-04-25,Appliances,0.0,0.0,0,0.0
1705,2018-04-25,Labels,0.0,0.0,0,0.0
1706,2018-04-25,Tables,0.0,0.0,0,0.0
1707,2018-04-25,Envelopes,0.0,0.0,0,0.0
1708,2018-04-25,Fasteners,0.0,0.0,0,0.0
1709,2018-04-25,Supplies,0.0,0.0,0,0.0
1710,2018-04-25,Machines,0.0,0.0,0,0.0
1711,2018-04-25,Copiers,0.0,0.0,0,0.0
1712,2018-04-26,Furnishings,0.6,1.988,1,-1.4413
1713,2018-04-26,Labels,0.0,39.28,8,19.2472
1714,2018-04-26,Paper,0.0,20.34,3,9.356399999999999
1715,2018-04-26,Binders,0.0,0.0,0,0.0
1716,2018-04-26,Phones,0.0,0.0,0,0.0
1717,2018-04-26,Storage,0.0,0.0,0,0.0
1718,2018-04-26,Art,0.0,0.0,0,0.0
1719,2018-04-26,Accessories,0.0,0.0,0,0.0
1720,2018-04-26,Chairs,0.0,0.0,0,0.0
1721,2018-04-26,Appliances,0.0,0.0,0,0.0
1722,2018-04-26,Tables,0.0,0.0,0,0.0
1723,2018-04-26,Envelopes,0.0,0.0,0,0.0
1724,2018-04-26,Bookcases,0.0,0.0,0,0.0
1725,2018-04-26,Fasteners,0.0,0.0,0,0.0
1726,2018-04-26,Supplies,0.0,0.0,0,0.0
1727,2018-04-26,Machines,0.0,0.0,0,0.0
1728,2018-04-26,Copiers,0.0,0.0,0,0.0
1729,2018-04-27,Art,0.0,183.61,9,51.455799999999996
1730,2018-04-27,Bookcases,0.32,220.26559999999998,4,-42.1096
1731,2018-04-27,Furnishings,0.0,139.58,7,39.08240000000001
1732,2018-04-27,Labels,0.2,33.12,4,11.592
1733,2018-04-27,Paper,0.0,0.0,0,0.0
1734,2018-04-27,Binders,0.0,0.0,0,0.0
1735,2018-04-27,Phones,0.0,0.0,0,0.0
1736,2018-04-27,Storage,0.0,0.0,0,0.0
1737,2018-04-27,Accessories,0.0,0.0,0,0.0
1738,2018-04-27,Chairs,0.0,0.0,0,0.0
1739,2018-04-27,Appliances,0.0,0.0,0,0.0
1740,2018-04-27,Tables,0.0,0.0,0,0.0
1741,2018-04-27,Envelopes,0.0,0.0,0,0.0
1742,2018-04-27,Fasteners,0.0,0.0,0,0.0
1743,2018-04-27,Supplies,0.0,0.0,0,0.0
1744,2018-04-27,Machines,0.0,0.0,0,0.0
1745,2018-04-27,Copiers,0.0,0.0,0,0.0
1746,2018-04-28,Appliances,0.2,28.08,3,5.265000000000001
1747,2018-04-28,Art,0.2,6.848000000000001,2,0.7703999999999991
1748,2018-04-28,Phones,0.2,751.984,2,84.59819999999988
1749,2018-04-28,Storage,0.2,8.384,1,0.7336
1750,2018-04-28,Paper,0.0,0.0,0,0.0
1751,2018-04-28,Binders,0.0,0.0,0,0.0
1752,2018-04-28,Furnishings,0.0,0.0,0,0.0
1753,2018-04-28,Accessories,0.0,0.0,0,0.0
1754,2018-04-28,Chairs,0.0,0.0,0,0.0
1755,2018-04-28,Labels,0.0,0.0,0,0.0
1756,2018-04-28,Tables,0.0,0.0,0,0.0
1757,2018-04-28,Envelopes,0.0,0.0,0,0.0
1758,2018-04-28,Bookcases,0.0,0.0,0,0.0
1759,2018-04-28,Fasteners,0.0,0.0,0,0.0
1760,2018-04-28,Supplies,0.0,0.0,0,0.0
1761,2018-04-28,Machines,0.0,0.0,0,0.0
1762,2018-04-28,Copiers,0.0,0.0,0,0.0
1763,2018-04-29,Labels,0.0,4.91,1,2.4059
1764,2018-04-29,Tables,0.4,1048.35,5,-69.88999999999999
1765,2018-04-29,Paper,0.0,0.0,0,0.0
1766,2018-04-29,Binders,0.0,0.0,0,0.0
1767,2018-04-29,Furnishings,0.0,0.0,0,0.0
1768,2018-04-29,Phones,0.0,0.0,0,0.0
1769,2018-04-29,Storage,0.0,0.0,0,0.0
1770,2018-04-29,Art,0.0,0.0,0,0.0
1771,2018-04-29,Accessories,0.0,0.0,0,0.0
1772,2018-04-29,Chairs,0.0,0.0,0,0.0
1773,2018-04-29,Appliances,0.0,0.0,0,0.0
1774,2018-04-29,Envelopes,0.0,0.0,0,0.0
1775,2018-04-29,Bookcases,0.0,0.0,0,0.0
1776,2018-04-29,Fasteners,0.0,0.0,0,0.0
1777,2018-04-29,Supplies,0.0,0.0,0,0.0
1778,2018-04-29,Machines,0.0,0.0,0,0.0
1779,2018-04-29,Copiers,0.0,0.0,0,0.0
1780,2018-04-30,Accessories,0.2,2.3760000000000003,3,0.7424999999999999
1781,2018-04-30,Art,0.0,9.78,2,4.0098
1782,2018-04-30,Art,0.2,15.528,3,4.852499999999999
1783,2018-04-30,Binders,0.2,23.24,5,7.552999999999998
1784,2018-04-30,Binders,0.7,18.738,6,-12.814799999999998
1785,2018-04-30,Binders,0.8,43.37199999999999,7,-69.39520000000003
1786,2018-04-30,Envelopes,0.0,93.52,8,43.3064
1787,2018-04-30,Furnishings,0.0,64.96,2,21.436799999999998
1788,2018-04-30,Furnishings,0.2,244.38400000000001,14,-2.060400000000036
1789,2018-04-30,Labels,0.0,5.76,2,2.8224
1790,2018-04-30,Labels,0.2,16.560000000000002,5,5.554799999999999
1791,2018-04-30,Paper,0.0,163.96,4,80.3404
1792,2018-04-30,Paper,0.2,10.368000000000002,2,3.6288
1793,2018-04-30,Phones,0.4,677.5799999999999,5,-158.10199999999998
1794,2018-04-30,Storage,0.0,0.0,0,0.0
1795,2018-04-30,Chairs,0.0,0.0,0,0.0
1796,2018-04-30,Appliances,0.0,0.0,0,0.0
1797,2018-04-30,Tables,0.0,0.0,0,0.0
1798,2018-04-30,Bookcases,0.0,0.0,0,0.0
1799,2018-04-30,Fasteners,0.0,0.0,0,0.0
1800,2018-04-30,Supplies,0.0,0.0,0,0.0
1801,2018-04-30,Machines,0.0,0.0,0,0.0
1802,2018-04-30,Copiers,0.0,0.0,0,0.0
